2025-04-25 11:12:17,838 [Worker-1: Loading available Gradle versions] INFO  o.e.b.c.i.u.g.PublishedGradleVersions - Gradle version information cache is not available. Remote download required.
2025-04-28 10:49:19,295 [Worker-1: Loading available Gradle versions] INFO  o.e.b.c.i.u.g.PublishedGradleVersions - Gradle version information cache is out-of-date. Trying to update.
2025-04-29 11:09:17,648 [Worker-5: Loading available Gradle versions] INFO  o.e.b.c.i.u.g.PublishedGradleVersions - Gradle version information cache is out-of-date. Trying to update.
2025-04-29 14:53:49,017 [ModalContext] INFO  o.e.m.c.i.e.AbstractTransferListenerAdapter - Downloading https://repo.maven.apache.org/maven2/org/apache/maven/archetypes/maven-archetype-quickstart/1.1/maven-archetype-quickstart-1.1.pom
2025-04-29 14:53:49,427 [ModalContext] INFO  o.e.m.c.i.e.AbstractTransferListenerAdapter - Downloaded https://repo.maven.apache.org/maven2/org/apache/maven/archetypes/maven-archetype-quickstart/1.1/maven-archetype-quickstart-1.1.pom
2025-04-29 14:53:49,574 [ModalContext] INFO  o.e.m.c.i.e.AbstractTransferListenerAdapter - Downloading https://repo.maven.apache.org/maven2/org/apache/maven/archetypes/maven-archetype-bundles/4/maven-archetype-bundles-4.pom
2025-04-29 14:53:49,628 [ModalContext] INFO  o.e.m.c.i.e.AbstractTransferListenerAdapter - Downloaded https://repo.maven.apache.org/maven2/org/apache/maven/archetypes/maven-archetype-bundles/4/maven-archetype-bundles-4.pom
2025-04-29 14:53:49,661 [ModalContext] INFO  o.e.m.c.i.e.AbstractTransferListenerAdapter - Downloading https://repo.maven.apache.org/maven2/org/apache/maven/archetype/maven-archetype/2.0-alpha-5/maven-archetype-2.0-alpha-5.pom
2025-04-29 14:53:49,721 [ModalContext] INFO  o.e.m.c.i.e.AbstractTransferListenerAdapter - Downloaded https://repo.maven.apache.org/maven2/org/apache/maven/archetype/maven-archetype/2.0-alpha-5/maven-archetype-2.0-alpha-5.pom
2025-04-29 14:53:49,875 [ModalContext] INFO  o.e.m.c.i.e.AbstractTransferListenerAdapter - Downloading https://repo.maven.apache.org/maven2/org/apache/maven/archetypes/maven-archetype-quickstart/1.1/maven-archetype-quickstart-1.1.jar
2025-04-29 14:53:50,006 [ModalContext] INFO  o.e.m.c.i.e.AbstractTransferListenerAdapter - Downloaded https://repo.maven.apache.org/maven2/org/apache/maven/archetypes/maven-archetype-quickstart/1.1/maven-archetype-quickstart-1.1.jar
2025-04-29 14:55:58,486 [Worker-88: Launching mavenrun-fe365362-517c-41f7-aea9-deca68e8b24b] INFO  o.eclipse.m2e.core.internal.Bundles - getClasspathEntries(Bundle=org.eclipse.m2e.maven.runtime_3.9.900.20250220-2013 [638])
2025-04-29 14:55:58,492 [Worker-88: Launching mavenrun-fe365362-517c-41f7-aea9-deca68e8b24b] INFO  o.eclipse.m2e.core.internal.Bundles - 	Entry: C:\Program Files\eclipse\plugins\org.eclipse.m2e.maven.runtime_3.9.900.20250220-2013
2025-04-29 14:55:58,493 [Worker-88: Launching mavenrun-fe365362-517c-41f7-aea9-deca68e8b24b] INFO  o.eclipse.m2e.core.internal.Bundles - 	Entry: C:\Program Files\eclipse\plugins\org.eclipse.m2e.maven.runtime_3.9.900.20250220-2013\jars\aopalliance-1.0.jar
2025-04-29 14:55:58,493 [Worker-88: Launching mavenrun-fe365362-517c-41f7-aea9-deca68e8b24b] INFO  o.eclipse.m2e.core.internal.Bundles - 	Entry: C:\Program Files\eclipse\plugins\org.eclipse.m2e.maven.runtime_3.9.900.20250220-2013\jars\guice-5.1.0.jar
2025-04-29 14:55:58,493 [Worker-88: Launching mavenrun-fe365362-517c-41f7-aea9-deca68e8b24b] INFO  o.eclipse.m2e.core.internal.Bundles - 	Entry: C:\Program Files\eclipse\plugins\org.eclipse.m2e.maven.runtime_3.9.900.20250220-2013\jars\httpclient-4.5.14.jar
2025-04-29 14:55:58,493 [Worker-88: Launching mavenrun-fe365362-517c-41f7-aea9-deca68e8b24b] INFO  o.eclipse.m2e.core.internal.Bundles - 	Entry: C:\Program Files\eclipse\plugins\org.eclipse.m2e.maven.runtime_3.9.900.20250220-2013\jars\httpcore-4.4.16.jar
2025-04-29 14:55:58,493 [Worker-88: Launching mavenrun-fe365362-517c-41f7-aea9-deca68e8b24b] INFO  o.eclipse.m2e.core.internal.Bundles - 	Entry: C:\Program Files\eclipse\plugins\org.eclipse.m2e.maven.runtime_3.9.900.20250220-2013\jars\jansi-2.4.1.jar
2025-04-29 14:55:58,493 [Worker-88: Launching mavenrun-fe365362-517c-41f7-aea9-deca68e8b24b] INFO  o.eclipse.m2e.core.internal.Bundles - 	Entry: C:\Program Files\eclipse\plugins\org.eclipse.m2e.maven.runtime_3.9.900.20250220-2013\jars\jcl-over-slf4j-1.7.36.jar
2025-04-29 14:55:58,494 [Worker-88: Launching mavenrun-fe365362-517c-41f7-aea9-deca68e8b24b] INFO  o.eclipse.m2e.core.internal.Bundles - 	Entry: C:\Program Files\eclipse\plugins\org.eclipse.m2e.maven.runtime_3.9.900.20250220-2013\jars\maven-artifact-3.9.9.jar
2025-04-29 14:55:58,494 [Worker-88: Launching mavenrun-fe365362-517c-41f7-aea9-deca68e8b24b] INFO  o.eclipse.m2e.core.internal.Bundles - 	Entry: C:\Program Files\eclipse\plugins\org.eclipse.m2e.maven.runtime_3.9.900.20250220-2013\jars\maven-builder-support-3.9.9.jar
2025-04-29 14:55:58,494 [Worker-88: Launching mavenrun-fe365362-517c-41f7-aea9-deca68e8b24b] INFO  o.eclipse.m2e.core.internal.Bundles - 	Entry: C:\Program Files\eclipse\plugins\org.eclipse.m2e.maven.runtime_3.9.900.20250220-2013\jars\maven-compat-3.9.9.jar
2025-04-29 14:55:58,494 [Worker-88: Launching mavenrun-fe365362-517c-41f7-aea9-deca68e8b24b] INFO  o.eclipse.m2e.core.internal.Bundles - 	Entry: C:\Program Files\eclipse\plugins\org.eclipse.m2e.maven.runtime_3.9.900.20250220-2013\jars\maven-core-3.9.9.jar
2025-04-29 14:55:58,494 [Worker-88: Launching mavenrun-fe365362-517c-41f7-aea9-deca68e8b24b] INFO  o.eclipse.m2e.core.internal.Bundles - 	Entry: C:\Program Files\eclipse\plugins\org.eclipse.m2e.maven.runtime_3.9.900.20250220-2013\jars\maven-embedder-3.9.9.jar
2025-04-29 14:55:58,494 [Worker-88: Launching mavenrun-fe365362-517c-41f7-aea9-deca68e8b24b] INFO  o.eclipse.m2e.core.internal.Bundles - 	Entry: C:\Program Files\eclipse\plugins\org.eclipse.m2e.maven.runtime_3.9.900.20250220-2013\jars\maven-model-3.9.9.jar
2025-04-29 14:55:58,494 [Worker-88: Launching mavenrun-fe365362-517c-41f7-aea9-deca68e8b24b] INFO  o.eclipse.m2e.core.internal.Bundles - 	Entry: C:\Program Files\eclipse\plugins\org.eclipse.m2e.maven.runtime_3.9.900.20250220-2013\jars\maven-model-builder-3.9.9.jar
2025-04-29 14:55:58,495 [Worker-88: Launching mavenrun-fe365362-517c-41f7-aea9-deca68e8b24b] INFO  o.eclipse.m2e.core.internal.Bundles - 	Entry: C:\Program Files\eclipse\plugins\org.eclipse.m2e.maven.runtime_3.9.900.20250220-2013\jars\maven-plugin-api-3.9.9.jar
2025-04-29 14:55:58,495 [Worker-88: Launching mavenrun-fe365362-517c-41f7-aea9-deca68e8b24b] INFO  o.eclipse.m2e.core.internal.Bundles - 	Entry: C:\Program Files\eclipse\plugins\org.eclipse.m2e.maven.runtime_3.9.900.20250220-2013\jars\maven-repository-metadata-3.9.9.jar
2025-04-29 14:55:58,495 [Worker-88: Launching mavenrun-fe365362-517c-41f7-aea9-deca68e8b24b] INFO  o.eclipse.m2e.core.internal.Bundles - 	Entry: C:\Program Files\eclipse\plugins\org.eclipse.m2e.maven.runtime_3.9.900.20250220-2013\jars\maven-resolver-api-1.9.22.jar
2025-04-29 14:55:58,495 [Worker-88: Launching mavenrun-fe365362-517c-41f7-aea9-deca68e8b24b] INFO  o.eclipse.m2e.core.internal.Bundles - 	Entry: C:\Program Files\eclipse\plugins\org.eclipse.m2e.maven.runtime_3.9.900.20250220-2013\jars\maven-resolver-connector-basic-1.9.22.jar
2025-04-29 14:55:58,495 [Worker-88: Launching mavenrun-fe365362-517c-41f7-aea9-deca68e8b24b] INFO  o.eclipse.m2e.core.internal.Bundles - 	Entry: C:\Program Files\eclipse\plugins\org.eclipse.m2e.maven.runtime_3.9.900.20250220-2013\jars\maven-resolver-impl-1.9.22.jar
2025-04-29 14:55:58,495 [Worker-88: Launching mavenrun-fe365362-517c-41f7-aea9-deca68e8b24b] INFO  o.eclipse.m2e.core.internal.Bundles - 	Entry: C:\Program Files\eclipse\plugins\org.eclipse.m2e.maven.runtime_3.9.900.20250220-2013\jars\maven-resolver-named-locks-1.9.22.jar
2025-04-29 14:55:58,495 [Worker-88: Launching mavenrun-fe365362-517c-41f7-aea9-deca68e8b24b] INFO  o.eclipse.m2e.core.internal.Bundles - 	Entry: C:\Program Files\eclipse\plugins\org.eclipse.m2e.maven.runtime_3.9.900.20250220-2013\jars\maven-resolver-provider-3.9.9.jar
2025-04-29 14:55:58,495 [Worker-88: Launching mavenrun-fe365362-517c-41f7-aea9-deca68e8b24b] INFO  o.eclipse.m2e.core.internal.Bundles - 	Entry: C:\Program Files\eclipse\plugins\org.eclipse.m2e.maven.runtime_3.9.900.20250220-2013\jars\maven-resolver-spi-1.9.22.jar
2025-04-29 14:55:58,496 [Worker-88: Launching mavenrun-fe365362-517c-41f7-aea9-deca68e8b24b] INFO  o.eclipse.m2e.core.internal.Bundles - 	Entry: C:\Program Files\eclipse\plugins\org.eclipse.m2e.maven.runtime_3.9.900.20250220-2013\jars\maven-resolver-transport-file-1.9.22.jar
2025-04-29 14:55:58,496 [Worker-88: Launching mavenrun-fe365362-517c-41f7-aea9-deca68e8b24b] INFO  o.eclipse.m2e.core.internal.Bundles - 	Entry: C:\Program Files\eclipse\plugins\org.eclipse.m2e.maven.runtime_3.9.900.20250220-2013\jars\maven-resolver-transport-http-1.9.22.jar
2025-04-29 14:55:58,496 [Worker-88: Launching mavenrun-fe365362-517c-41f7-aea9-deca68e8b24b] INFO  o.eclipse.m2e.core.internal.Bundles - 	Entry: C:\Program Files\eclipse\plugins\org.eclipse.m2e.maven.runtime_3.9.900.20250220-2013\jars\maven-resolver-transport-wagon-1.9.22.jar
2025-04-29 14:55:58,496 [Worker-88: Launching mavenrun-fe365362-517c-41f7-aea9-deca68e8b24b] INFO  o.eclipse.m2e.core.internal.Bundles - 	Entry: C:\Program Files\eclipse\plugins\org.eclipse.m2e.maven.runtime_3.9.900.20250220-2013\jars\maven-resolver-util-1.9.22.jar
2025-04-29 14:55:58,496 [Worker-88: Launching mavenrun-fe365362-517c-41f7-aea9-deca68e8b24b] INFO  o.eclipse.m2e.core.internal.Bundles - 	Entry: C:\Program Files\eclipse\plugins\org.eclipse.m2e.maven.runtime_3.9.900.20250220-2013\jars\maven-settings-3.9.9.jar
2025-04-29 14:55:58,496 [Worker-88: Launching mavenrun-fe365362-517c-41f7-aea9-deca68e8b24b] INFO  o.eclipse.m2e.core.internal.Bundles - 	Entry: C:\Program Files\eclipse\plugins\org.eclipse.m2e.maven.runtime_3.9.900.20250220-2013\jars\maven-settings-builder-3.9.9.jar
2025-04-29 14:55:58,496 [Worker-88: Launching mavenrun-fe365362-517c-41f7-aea9-deca68e8b24b] INFO  o.eclipse.m2e.core.internal.Bundles - 	Entry: C:\Program Files\eclipse\plugins\org.eclipse.m2e.maven.runtime_3.9.900.20250220-2013\jars\maven-shared-utils-3.4.2.jar
2025-04-29 14:55:58,496 [Worker-88: Launching mavenrun-fe365362-517c-41f7-aea9-deca68e8b24b] INFO  o.eclipse.m2e.core.internal.Bundles - 	Entry: C:\Program Files\eclipse\plugins\org.eclipse.m2e.maven.runtime_3.9.900.20250220-2013\jars\org.eclipse.sisu.inject-0.9.0.M3.jar
2025-04-29 14:55:58,497 [Worker-88: Launching mavenrun-fe365362-517c-41f7-aea9-deca68e8b24b] INFO  o.eclipse.m2e.core.internal.Bundles - 	Entry: C:\Program Files\eclipse\plugins\org.eclipse.m2e.maven.runtime_3.9.900.20250220-2013\jars\org.eclipse.sisu.plexus-0.9.0.M3.jar
2025-04-29 14:55:58,497 [Worker-88: Launching mavenrun-fe365362-517c-41f7-aea9-deca68e8b24b] INFO  o.eclipse.m2e.core.internal.Bundles - 	Entry: C:\Program Files\eclipse\plugins\org.eclipse.m2e.maven.runtime_3.9.900.20250220-2013\jars\plexus-build-api-0.0.7.jar
2025-04-29 14:55:58,497 [Worker-88: Launching mavenrun-fe365362-517c-41f7-aea9-deca68e8b24b] INFO  o.eclipse.m2e.core.internal.Bundles - 	Entry: C:\Program Files\eclipse\plugins\org.eclipse.m2e.maven.runtime_3.9.900.20250220-2013\jars\plexus-build-api-1.2.0.jar
2025-04-29 14:55:58,497 [Worker-88: Launching mavenrun-fe365362-517c-41f7-aea9-deca68e8b24b] INFO  o.eclipse.m2e.core.internal.Bundles - 	Entry: C:\Program Files\eclipse\plugins\org.eclipse.m2e.maven.runtime_3.9.900.20250220-2013\jars\plexus-cipher-2.0.jar
2025-04-29 14:55:58,497 [Worker-88: Launching mavenrun-fe365362-517c-41f7-aea9-deca68e8b24b] INFO  o.eclipse.m2e.core.internal.Bundles - 	Entry: C:\Program Files\eclipse\plugins\org.eclipse.m2e.maven.runtime_3.9.900.20250220-2013\jars\plexus-classworlds-2.8.0.jar
2025-04-29 14:55:58,497 [Worker-88: Launching mavenrun-fe365362-517c-41f7-aea9-deca68e8b24b] INFO  o.eclipse.m2e.core.internal.Bundles - 	Entry: C:\Program Files\eclipse\plugins\org.eclipse.m2e.maven.runtime_3.9.900.20250220-2013\jars\plexus-component-annotations-2.1.0.jar
2025-04-29 14:55:58,497 [Worker-88: Launching mavenrun-fe365362-517c-41f7-aea9-deca68e8b24b] INFO  o.eclipse.m2e.core.internal.Bundles - 	Entry: C:\Program Files\eclipse\plugins\org.eclipse.m2e.maven.runtime_3.9.900.20250220-2013\jars\plexus-interpolation-1.27.jar
2025-04-29 14:55:58,497 [Worker-88: Launching mavenrun-fe365362-517c-41f7-aea9-deca68e8b24b] INFO  o.eclipse.m2e.core.internal.Bundles - 	Entry: C:\Program Files\eclipse\plugins\org.eclipse.m2e.maven.runtime_3.9.900.20250220-2013\jars\plexus-sec-dispatcher-2.0.jar
2025-04-29 14:55:58,498 [Worker-88: Launching mavenrun-fe365362-517c-41f7-aea9-deca68e8b24b] INFO  o.eclipse.m2e.core.internal.Bundles - 	Entry: C:\Program Files\eclipse\plugins\org.eclipse.m2e.maven.runtime_3.9.900.20250220-2013\jars\plexus-utils-3.5.1.jar
2025-04-29 14:55:58,498 [Worker-88: Launching mavenrun-fe365362-517c-41f7-aea9-deca68e8b24b] INFO  o.eclipse.m2e.core.internal.Bundles - 	Entry: C:\Program Files\eclipse\plugins\org.eclipse.m2e.maven.runtime_3.9.900.20250220-2013\jars\plexus-xml-3.0.1.jar
2025-04-29 14:55:58,498 [Worker-88: Launching mavenrun-fe365362-517c-41f7-aea9-deca68e8b24b] INFO  o.eclipse.m2e.core.internal.Bundles - 	Entry: C:\Program Files\eclipse\plugins\org.eclipse.m2e.maven.runtime_3.9.900.20250220-2013\jars\wagon-file-3.5.3.jar
2025-04-29 14:55:58,498 [Worker-88: Launching mavenrun-fe365362-517c-41f7-aea9-deca68e8b24b] INFO  o.eclipse.m2e.core.internal.Bundles - 	Entry: C:\Program Files\eclipse\plugins\org.eclipse.m2e.maven.runtime_3.9.900.20250220-2013\jars\wagon-http-3.5.3.jar
2025-04-29 14:55:58,498 [Worker-88: Launching mavenrun-fe365362-517c-41f7-aea9-deca68e8b24b] INFO  o.eclipse.m2e.core.internal.Bundles - 	Entry: C:\Program Files\eclipse\plugins\org.eclipse.m2e.maven.runtime_3.9.900.20250220-2013\jars\wagon-http-shared-3.5.3.jar
2025-04-29 14:55:58,498 [Worker-88: Launching mavenrun-fe365362-517c-41f7-aea9-deca68e8b24b] INFO  o.eclipse.m2e.core.internal.Bundles - 	Entry: C:\Program Files\eclipse\plugins\org.eclipse.m2e.maven.runtime_3.9.900.20250220-2013\jars\wagon-provider-api-3.5.3.jar
2025-04-29 14:55:58,499 [Worker-88: Launching mavenrun-fe365362-517c-41f7-aea9-deca68e8b24b] INFO  o.eclipse.m2e.core.internal.Bundles - getClasspathEntries(Bundle=com.google.guava_33.4.0.jre [16])
2025-04-29 14:55:58,500 [Worker-88: Launching mavenrun-fe365362-517c-41f7-aea9-deca68e8b24b] INFO  o.eclipse.m2e.core.internal.Bundles - 	Entry: C:\Program Files\eclipse\plugins\com.google.guava_33.4.0.jre.jar
2025-04-29 14:55:58,500 [Worker-88: Launching mavenrun-fe365362-517c-41f7-aea9-deca68e8b24b] INFO  o.eclipse.m2e.core.internal.Bundles - getClasspathEntries(Bundle=slf4j.api_2.0.16 [1005])
2025-04-29 14:55:58,500 [Worker-88: Launching mavenrun-fe365362-517c-41f7-aea9-deca68e8b24b] INFO  o.eclipse.m2e.core.internal.Bundles - 	Entry: C:\Program Files\eclipse\plugins\slf4j.api_2.0.16.jar
2025-04-29 14:55:58,500 [Worker-88: Launching mavenrun-fe365362-517c-41f7-aea9-deca68e8b24b] INFO  o.eclipse.m2e.core.internal.Bundles - getClasspathEntries(Bundle=jakarta.inject.jakarta.inject-api_1.0.5 [34])
2025-04-29 14:55:58,500 [Worker-88: Launching mavenrun-fe365362-517c-41f7-aea9-deca68e8b24b] INFO  o.eclipse.m2e.core.internal.Bundles - 	Entry: C:\Program Files\eclipse\plugins\jakarta.inject.jakarta.inject-api_1.0.5.jar
2025-04-29 14:55:58,500 [Worker-88: Launching mavenrun-fe365362-517c-41f7-aea9-deca68e8b24b] INFO  o.eclipse.m2e.core.internal.Bundles - getClasspathEntries(Bundle=jakarta.annotation-api_1.3.5 [29])
2025-04-29 14:55:58,500 [Worker-88: Launching mavenrun-fe365362-517c-41f7-aea9-deca68e8b24b] INFO  o.eclipse.m2e.core.internal.Bundles - 	Entry: C:\Program Files\eclipse\plugins\jakarta.annotation-api_1.3.5.jar
2025-04-29 14:55:58,500 [Worker-88: Launching mavenrun-fe365362-517c-41f7-aea9-deca68e8b24b] INFO  o.eclipse.m2e.core.internal.Bundles - getClasspathEntries(Bundle=org.apache.commons.cli_1.9.0 [74])
2025-04-29 14:55:58,501 [Worker-88: Launching mavenrun-fe365362-517c-41f7-aea9-deca68e8b24b] INFO  o.eclipse.m2e.core.internal.Bundles - 	Entry: C:\Program Files\eclipse\plugins\org.apache.commons.cli_1.9.0.jar
2025-04-29 14:55:58,501 [Worker-88: Launching mavenrun-fe365362-517c-41f7-aea9-deca68e8b24b] INFO  o.eclipse.m2e.core.internal.Bundles - getClasspathEntries(Bundle=org.apache.commons.commons-codec_1.16.0 [76])
2025-04-29 14:55:58,501 [Worker-88: Launching mavenrun-fe365362-517c-41f7-aea9-deca68e8b24b] INFO  o.eclipse.m2e.core.internal.Bundles - 	Entry: C:\Program Files\eclipse\plugins\org.apache.commons.commons-codec_1.16.0.jar
2025-04-29 14:55:58,501 [Worker-88: Launching mavenrun-fe365362-517c-41f7-aea9-deca68e8b24b] INFO  o.eclipse.m2e.core.internal.Bundles - getClasspathEntries(Bundle=com.google.guava.failureaccess_1.0.2 [17])
2025-04-29 14:55:58,502 [Worker-88: Launching mavenrun-fe365362-517c-41f7-aea9-deca68e8b24b] INFO  o.eclipse.m2e.core.internal.Bundles - 	Entry: C:\Program Files\eclipse\plugins\com.google.guava.failureaccess_1.0.2.jar
2025-04-29 14:55:58,508 [Worker-88: Launching mavenrun-fe365362-517c-41f7-aea9-deca68e8b24b] INFO  o.e.m.i.launch.MavenLaunchDelegate - Run build in "C:\Users\rohit\AppData\Local\Temp\m2e-archetypeGenerator11428798733312821458":
2025-04-29 14:55:58,511 [Worker-88: Launching mavenrun-fe365362-517c-41f7-aea9-deca68e8b24b] INFO  o.e.m.i.launch.MavenLaunchDelegate -  mvn  -DarchetypeGroupId=org.apache.maven.archetypes -DarchetypeArtifactId=maven-archetype-quickstart -DarchetypeVersion=1.1 -DgroupId=in.smartprogramming -DartifactId=MavenFirstProject -Dversion=0.0.1-SNAPSHOT -Dpackage=in.sp.main -DoutputDirectory=E:\Git_Demo\Spring -Dstyle.color=always -U archetype:generate
2025-04-29 14:57:08,936 [Worker-89: Creating maven-archetype-quickstart] INFO  o.e.m.c.i.p.ProjectConfigurationManager - Collecting project info '/pom.xml' E:\Git_Demo\Spring\MavenFirstProject\pom.xml
2025-04-29 14:57:11,270 [Worker-89: Creating maven-archetype-quickstart] INFO  o.e.m.c.i.e.AbstractTransferListenerAdapter - Downloading https://repo.maven.apache.org/maven2/org/apache/maven/plugins/maven-surefire-plugin/3.2.5/maven-surefire-plugin-3.2.5.jar
2025-04-29 14:57:11,557 [Worker-89: Creating maven-archetype-quickstart] INFO  o.e.m.c.i.e.AbstractTransferListenerAdapter - Downloaded https://repo.maven.apache.org/maven2/org/apache/maven/plugins/maven-surefire-plugin/3.2.5/maven-surefire-plugin-3.2.5.jar
2025-04-29 14:57:11,722 [Worker-89: Creating maven-archetype-quickstart] INFO  o.e.m.c.i.e.AbstractTransferListenerAdapter - Downloading https://repo.maven.apache.org/maven2/org/apache/maven/plugins/maven-jar-plugin/3.4.1/maven-jar-plugin-3.4.1.jar
2025-04-29 14:57:12,107 [Worker-89: Creating maven-archetype-quickstart] INFO  o.e.m.c.i.e.AbstractTransferListenerAdapter - Downloaded https://repo.maven.apache.org/maven2/org/apache/maven/plugins/maven-jar-plugin/3.4.1/maven-jar-plugin-3.4.1.jar
2025-04-29 14:57:14,854 [Worker-89: Creating maven-archetype-quickstart] INFO  o.e.m.c.i.l.LifecycleMappingFactory - Using org.eclipse.m2e.jdt.JarLifecycleMapping lifecycle mapping for MavenProject: in.smartprogramming:MavenFirstProject:0.0.1-SNAPSHOT @ E:\Git_Demo\Spring\MavenFirstProject\pom.xml.
2025-04-29 14:57:14,903 [Worker-89: Creating maven-archetype-quickstart] INFO  o.e.m.c.i.e.AbstractTransferListenerAdapter - Downloading https://repo.maven.apache.org/maven2/junit/junit/3.8.1/junit-3.8.1.jar
2025-04-29 14:57:14,954 [Worker-89: Creating maven-archetype-quickstart] INFO  o.e.m.c.i.e.AbstractTransferListenerAdapter - Downloaded https://repo.maven.apache.org/maven2/junit/junit/3.8.1/junit-3.8.1.jar
2025-04-29 14:57:15,063 [Worker-89: Creating maven-archetype-quickstart] INFO  o.e.m.c.i.e.AbstractTransferListenerAdapter - Downloading https://repo.maven.apache.org/maven2/org/apache/maven/plugins/maven-surefire-plugin/3.2.5/maven-surefire-plugin-3.2.5.pom
2025-04-29 14:57:15,102 [Worker-89: Creating maven-archetype-quickstart] INFO  o.e.m.c.i.e.AbstractTransferListenerAdapter - Downloaded https://repo.maven.apache.org/maven2/org/apache/maven/plugins/maven-surefire-plugin/3.2.5/maven-surefire-plugin-3.2.5.pom
2025-04-29 14:57:15,123 [Worker-89: Creating maven-archetype-quickstart] INFO  o.e.m.c.i.e.AbstractTransferListenerAdapter - Downloading https://repo.maven.apache.org/maven2/org/apache/maven/surefire/surefire/3.2.5/surefire-3.2.5.pom
2025-04-29 14:57:15,169 [Worker-89: Creating maven-archetype-quickstart] INFO  o.e.m.c.i.e.AbstractTransferListenerAdapter - Downloaded https://repo.maven.apache.org/maven2/org/apache/maven/surefire/surefire/3.2.5/surefire-3.2.5.pom
2025-04-29 14:57:15,218 [Worker-89: Creating maven-archetype-quickstart] INFO  o.e.m.c.i.e.AbstractTransferListenerAdapter - Downloading https://repo.maven.apache.org/maven2/org/apache/maven/plugins/maven-jar-plugin/3.4.1/maven-jar-plugin-3.4.1.pom
2025-04-29 14:57:15,265 [Worker-89: Creating maven-archetype-quickstart] INFO  o.e.m.c.i.e.AbstractTransferListenerAdapter - Downloaded https://repo.maven.apache.org/maven2/org/apache/maven/plugins/maven-jar-plugin/3.4.1/maven-jar-plugin-3.4.1.pom
2025-04-29 14:57:18,214 [Worker-89: Creating maven-archetype-quickstart] INFO  o.e.m.j.i.AbstractJavaProjectConfigurator - Adding source folder /MavenFirstProject/src/main/java
2025-04-29 14:57:18,217 [Worker-89: Creating maven-archetype-quickstart] INFO  o.e.m.j.i.AbstractJavaProjectConfigurator - Adding resource folder /MavenFirstProject/src/main/resources
2025-04-29 14:57:18,229 [Worker-89: Creating maven-archetype-quickstart] INFO  o.e.m.j.i.AbstractJavaProjectConfigurator - Adding source folder /MavenFirstProject/src/test/java
2025-04-29 14:57:18,230 [Worker-89: Creating maven-archetype-quickstart] INFO  o.e.m.j.i.AbstractJavaProjectConfigurator - Adding resource folder /MavenFirstProject/src/test/resources
2025-04-29 14:57:18,443 [Worker-89: Creating maven-archetype-quickstart] INFO  o.e.m.c.i.p.ProjectConfigurationManager - Imported and configured 1 project(s) in 9 sec
2025-04-29 14:57:18,650 [Worker-91: Download sources and javadoc] INFO  o.e.m.c.i.e.AbstractTransferListenerAdapter - Downloading https://repo.maven.apache.org/maven2/junit/junit/3.8.1/junit-3.8.1-sources.jar
2025-04-29 14:57:18,733 [Worker-91: Download sources and javadoc] INFO  o.e.m.c.i.e.AbstractTransferListenerAdapter - Downloaded https://repo.maven.apache.org/maven2/junit/junit/3.8.1/junit-3.8.1-sources.jar
2025-04-29 14:57:18,744 [Worker-91: Download sources and javadoc] INFO  o.e.m.j.internal.DownloadSourcesJob - Downloaded sources for junit:junit:3.8.1
2025-04-29 14:57:18,937 [Worker-89: Building] INFO  o.a.m.s.f.DefaultMavenResourcesFiltering - skip non existing resourceDirectory E:\Git_Demo\Spring\MavenFirstProject\src\main\resources
2025-04-29 14:57:18,943 [Worker-89: Building] INFO  o.a.m.s.f.DefaultMavenResourcesFiltering - skip non existing resourceDirectory E:\Git_Demo\Spring\MavenFirstProject\src\test\resources
2025-04-29 14:57:19,015 [Worker-91: Download sources and javadoc] INFO  o.e.m.c.i.e.AbstractTransferListenerAdapter - Downloaded https://repo.maven.apache.org/maven2/junit/junit/3.8.1/junit-3.8.1-javadoc.jar
2025-04-29 14:57:19,021 [Worker-91: Download sources and javadoc] ERROR o.e.m.j.internal.DownloadSourcesJob - Could not download javadoc for junit:junit:3.8.1
org.eclipse.core.runtime.CoreException: Could not resolve artifact junit:junit:jar:javadoc:3.8.1
	at org.eclipse.m2e.core.internal.embedder.MavenImpl.lambda$7(MavenImpl.java:540)
	at org.eclipse.m2e.core.internal.embedder.MavenExecutionContext.executeBare(MavenExecutionContext.java:458)
	at org.eclipse.m2e.core.internal.embedder.MavenExecutionContext.execute(MavenExecutionContext.java:292)
	at org.eclipse.m2e.core.internal.embedder.MavenExecutionContext.execute(MavenExecutionContext.java:278)
	at org.eclipse.m2e.core.internal.embedder.MavenImpl.resolve(MavenImpl.java:509)
	at org.eclipse.m2e.core.internal.embedder.MavenImpl.resolve(MavenImpl.java:494)
	at org.eclipse.m2e.jdt.internal.DownloadSourcesJob.download(DownloadSourcesJob.java:308)
	at org.eclipse.m2e.jdt.internal.DownloadSourcesJob.downloadAttachments(DownloadSourcesJob.java:294)
	at org.eclipse.m2e.jdt.internal.DownloadSourcesJob.downloadMaven(DownloadSourcesJob.java:252)
	at org.eclipse.m2e.jdt.internal.DownloadSourcesJob.downloadFilesAndPopulateToUpdate(DownloadSourcesJob.java:220)
	at org.eclipse.m2e.jdt.internal.DownloadSourcesJob.lambda$0(DownloadSourcesJob.java:149)
	at org.eclipse.m2e.core.internal.embedder.MavenExecutionContext.executeBare(MavenExecutionContext.java:458)
	at org.eclipse.m2e.core.internal.embedder.MavenExecutionContext.execute(MavenExecutionContext.java:339)
	at org.eclipse.m2e.core.internal.embedder.MavenExecutionContext.execute(MavenExecutionContext.java:278)
	at org.eclipse.m2e.core.embedder.IMaven.execute(IMaven.java:300)
	at org.eclipse.m2e.jdt.internal.DownloadSourcesJob.run(DownloadSourcesJob.java:149)
	at org.eclipse.core.internal.jobs.Worker.run(Worker.java:63)
2025-04-29 14:59:35,133 [Worker-91: Building] INFO  o.a.m.s.f.DefaultMavenResourcesFiltering - skip non existing resourceDirectory E:\Git_Demo\Spring\MavenFirstProject\src\main\resources
2025-04-29 14:59:35,139 [Worker-91: Building] INFO  o.a.m.s.f.DefaultMavenResourcesFiltering - skip non existing resourceDirectory E:\Git_Demo\Spring\MavenFirstProject\src\test\resources
2025-04-29 15:03:31,114 [Worker-90: Building] INFO  o.a.m.s.f.DefaultMavenResourcesFiltering - skip non existing resourceDirectory E:\Git_Demo\Spring\MavenFirstProject\src\main\resources
2025-04-29 15:03:31,119 [Worker-90: Building] INFO  o.a.m.s.f.DefaultMavenResourcesFiltering - skip non existing resourceDirectory E:\Git_Demo\Spring\MavenFirstProject\src\test\resources
2025-04-29 15:07:12,197 [Worker-90: Building] INFO  o.a.m.s.f.DefaultMavenResourcesFiltering - skip non existing resourceDirectory E:\Git_Demo\Spring\MavenFirstProject\src\main\resources
2025-04-29 15:07:12,199 [Worker-90: Building] INFO  o.a.m.s.f.DefaultMavenResourcesFiltering - skip non existing resourceDirectory E:\Git_Demo\Spring\MavenFirstProject\src\test\resources
2025-04-29 15:07:17,152 [Worker-90: Building] INFO  o.a.m.s.f.DefaultMavenResourcesFiltering - skip non existing resourceDirectory E:\Git_Demo\Spring\MavenFirstProject\src\main\resources
2025-04-29 15:07:17,157 [Worker-90: Building] INFO  o.a.m.s.f.DefaultMavenResourcesFiltering - skip non existing resourceDirectory E:\Git_Demo\Spring\MavenFirstProject\src\test\resources
2025-04-29 15:17:29,440 [Worker-94: Building] INFO  o.e.m.c.i.l.LifecycleMappingFactory - Using org.eclipse.m2e.jdt.JarLifecycleMapping lifecycle mapping for MavenProject: in.smartprogramming:MavenFirstProject:0.0.1-SNAPSHOT @ E:\Git_Demo\Spring\MavenFirstProject\pom.xml.
2025-04-29 15:17:29,723 [Worker-94: Building] INFO  o.e.m.c.i.e.AbstractTransferListenerAdapter - Downloading https://repo.maven.apache.org/maven2/org/springframework/spring-context/7.0.0-M4/spring-context-7.0.0-M4.pom
2025-04-29 15:17:29,778 [Worker-94: Building] INFO  o.e.m.c.i.e.AbstractTransferListenerAdapter - Downloaded https://repo.maven.apache.org/maven2/org/springframework/spring-context/7.0.0-M4/spring-context-7.0.0-M4.pom
2025-04-29 15:17:29,822 [Worker-94: Building] INFO  o.e.m.c.i.e.AbstractTransferListenerAdapter - Downloading https://repo.maven.apache.org/maven2/org/springframework/spring-aop/7.0.0-M4/spring-aop-7.0.0-M4.pom
2025-04-29 15:17:29,860 [Worker-94: Building] INFO  o.e.m.c.i.e.AbstractTransferListenerAdapter - Downloaded https://repo.maven.apache.org/maven2/org/springframework/spring-aop/7.0.0-M4/spring-aop-7.0.0-M4.pom
2025-04-29 15:17:29,922 [Worker-94: Building] INFO  o.e.m.c.i.e.AbstractTransferListenerAdapter - Downloading https://repo.maven.apache.org/maven2/org/springframework/spring-beans/7.0.0-M4/spring-beans-7.0.0-M4.pom
2025-04-29 15:17:29,963 [Worker-94: Building] INFO  o.e.m.c.i.e.AbstractTransferListenerAdapter - Downloaded https://repo.maven.apache.org/maven2/org/springframework/spring-beans/7.0.0-M4/spring-beans-7.0.0-M4.pom
2025-04-29 15:17:29,998 [Worker-94: Building] INFO  o.e.m.c.i.e.AbstractTransferListenerAdapter - Downloading https://repo.maven.apache.org/maven2/org/springframework/spring-core/7.0.0-M4/spring-core-7.0.0-M4.pom
2025-04-29 15:17:30,032 [Worker-94: Building] INFO  o.e.m.c.i.e.AbstractTransferListenerAdapter - Downloaded https://repo.maven.apache.org/maven2/org/springframework/spring-core/7.0.0-M4/spring-core-7.0.0-M4.pom
2025-04-29 15:17:30,061 [Worker-94: Building] INFO  o.e.m.c.i.e.AbstractTransferListenerAdapter - Downloading https://repo.maven.apache.org/maven2/commons-logging/commons-logging/1.3.5/commons-logging-1.3.5.pom
2025-04-29 15:17:30,219 [Worker-94: Building] INFO  o.e.m.c.i.e.AbstractTransferListenerAdapter - Downloaded https://repo.maven.apache.org/maven2/commons-logging/commons-logging/1.3.5/commons-logging-1.3.5.pom
2025-04-29 15:17:30,268 [Worker-94: Building] INFO  o.e.m.c.i.e.AbstractTransferListenerAdapter - Downloading https://repo.maven.apache.org/maven2/org/apache/commons/commons-parent/81/commons-parent-81.pom
2025-04-29 15:17:30,611 [Worker-94: Building] INFO  o.e.m.c.i.e.AbstractTransferListenerAdapter - Downloaded https://repo.maven.apache.org/maven2/org/apache/commons/commons-parent/81/commons-parent-81.pom
2025-04-29 15:17:30,689 [Worker-94: Building] INFO  o.e.m.c.i.e.AbstractTransferListenerAdapter - Downloading https://repo.maven.apache.org/maven2/org/junit/junit-bom/5.11.4/junit-bom-5.11.4.pom
2025-04-29 15:17:30,997 [Worker-94: Building] INFO  o.e.m.c.i.e.AbstractTransferListenerAdapter - Downloaded https://repo.maven.apache.org/maven2/org/junit/junit-bom/5.11.4/junit-bom-5.11.4.pom
2025-04-29 15:17:31,049 [Worker-94: Building] INFO  o.e.m.c.i.e.AbstractTransferListenerAdapter - Downloading https://repo.maven.apache.org/maven2/org/jspecify/jspecify/1.0.0/jspecify-1.0.0.pom
2025-04-29 15:17:31,090 [Worker-94: Building] INFO  o.e.m.c.i.e.AbstractTransferListenerAdapter - Downloaded https://repo.maven.apache.org/maven2/org/jspecify/jspecify/1.0.0/jspecify-1.0.0.pom
2025-04-29 15:17:31,159 [Worker-94: Building] INFO  o.e.m.c.i.e.AbstractTransferListenerAdapter - Downloading https://repo.maven.apache.org/maven2/org/springframework/spring-expression/7.0.0-M4/spring-expression-7.0.0-M4.pom
2025-04-29 15:17:31,201 [Worker-94: Building] INFO  o.e.m.c.i.e.AbstractTransferListenerAdapter - Downloaded https://repo.maven.apache.org/maven2/org/springframework/spring-expression/7.0.0-M4/spring-expression-7.0.0-M4.pom
2025-04-29 15:17:31,469 [Worker-94: Building] INFO  o.e.m.c.i.e.AbstractTransferListenerAdapter - Downloading https://repo.maven.apache.org/maven2/io/micrometer/micrometer-observation/1.15.0-RC1/micrometer-observation-1.15.0-RC1.pom
2025-04-29 15:17:31,516 [Worker-94: Building] INFO  o.e.m.c.i.e.AbstractTransferListenerAdapter - Downloaded https://repo.maven.apache.org/maven2/io/micrometer/micrometer-observation/1.15.0-RC1/micrometer-observation-1.15.0-RC1.pom
2025-04-29 15:17:31,543 [Worker-94: Building] INFO  o.e.m.c.i.e.AbstractTransferListenerAdapter - Downloading https://repo.maven.apache.org/maven2/io/micrometer/micrometer-commons/1.15.0-RC1/micrometer-commons-1.15.0-RC1.pom
2025-04-29 15:17:31,582 [Worker-94: Building] INFO  o.e.m.c.i.e.AbstractTransferListenerAdapter - Downloaded https://repo.maven.apache.org/maven2/io/micrometer/micrometer-commons/1.15.0-RC1/micrometer-commons-1.15.0-RC1.pom
2025-04-29 15:17:31,614 [Worker-94: Building] INFO  o.e.m.c.i.e.AbstractTransferListenerAdapter - Downloading https://repo.maven.apache.org/maven2/org/springframework/spring-context/7.0.0-M4/spring-context-7.0.0-M4.jar
2025-04-29 15:17:31,794 [Worker-94: Building] INFO  o.e.m.c.i.e.AbstractTransferListenerAdapter - Downloaded https://repo.maven.apache.org/maven2/org/springframework/spring-context/7.0.0-M4/spring-context-7.0.0-M4.jar
2025-04-29 15:17:31,812 [BasicRepositoryConnector-repo.maven.apache.org-0-2] INFO  o.e.m.c.i.e.AbstractTransferListenerAdapter - Downloading https://repo.maven.apache.org/maven2/org/springframework/spring-core/7.0.0-M4/spring-core-7.0.0-M4.jar
2025-04-29 15:17:31,880 [BasicRepositoryConnector-repo.maven.apache.org-0-0] INFO  o.e.m.c.i.e.AbstractTransferListenerAdapter - Downloading https://repo.maven.apache.org/maven2/org/springframework/spring-aop/7.0.0-M4/spring-aop-7.0.0-M4.jar
2025-04-29 15:17:31,881 [BasicRepositoryConnector-repo.maven.apache.org-0-3] INFO  o.e.m.c.i.e.AbstractTransferListenerAdapter - Downloading https://repo.maven.apache.org/maven2/commons-logging/commons-logging/1.3.5/commons-logging-1.3.5.jar
2025-04-29 15:17:31,899 [BasicRepositoryConnector-repo.maven.apache.org-0-1] INFO  o.e.m.c.i.e.AbstractTransferListenerAdapter - Downloading https://repo.maven.apache.org/maven2/org/springframework/spring-beans/7.0.0-M4/spring-beans-7.0.0-M4.jar
2025-04-29 15:17:31,904 [BasicRepositoryConnector-repo.maven.apache.org-0-4] INFO  o.e.m.c.i.e.AbstractTransferListenerAdapter - Downloading https://repo.maven.apache.org/maven2/org/jspecify/jspecify/1.0.0/jspecify-1.0.0.jar
2025-04-29 15:17:31,959 [BasicRepositoryConnector-repo.maven.apache.org-0-3] INFO  o.e.m.c.i.e.AbstractTransferListenerAdapter - Downloaded https://repo.maven.apache.org/maven2/commons-logging/commons-logging/1.3.5/commons-logging-1.3.5.jar
2025-04-29 15:17:31,980 [BasicRepositoryConnector-repo.maven.apache.org-0-3] INFO  o.e.m.c.i.e.AbstractTransferListenerAdapter - Downloading https://repo.maven.apache.org/maven2/org/springframework/spring-expression/7.0.0-M4/spring-expression-7.0.0-M4.jar
2025-04-29 15:17:31,992 [BasicRepositoryConnector-repo.maven.apache.org-0-2] INFO  o.e.m.c.i.e.AbstractTransferListenerAdapter - Downloaded https://repo.maven.apache.org/maven2/org/springframework/spring-core/7.0.0-M4/spring-core-7.0.0-M4.jar
2025-04-29 15:17:32,022 [BasicRepositoryConnector-repo.maven.apache.org-0-2] INFO  o.e.m.c.i.e.AbstractTransferListenerAdapter - Downloading https://repo.maven.apache.org/maven2/io/micrometer/micrometer-observation/1.15.0-RC1/micrometer-observation-1.15.0-RC1.jar
2025-04-29 15:17:32,058 [BasicRepositoryConnector-repo.maven.apache.org-0-1] INFO  o.e.m.c.i.e.AbstractTransferListenerAdapter - Downloaded https://repo.maven.apache.org/maven2/org/springframework/spring-beans/7.0.0-M4/spring-beans-7.0.0-M4.jar
2025-04-29 15:17:32,068 [BasicRepositoryConnector-repo.maven.apache.org-0-0] INFO  o.e.m.c.i.e.AbstractTransferListenerAdapter - Downloaded https://repo.maven.apache.org/maven2/org/springframework/spring-aop/7.0.0-M4/spring-aop-7.0.0-M4.jar
2025-04-29 15:17:32,077 [BasicRepositoryConnector-repo.maven.apache.org-0-1] INFO  o.e.m.c.i.e.AbstractTransferListenerAdapter - Downloading https://repo.maven.apache.org/maven2/io/micrometer/micrometer-commons/1.15.0-RC1/micrometer-commons-1.15.0-RC1.jar
2025-04-29 15:17:32,088 [BasicRepositoryConnector-repo.maven.apache.org-0-3] INFO  o.e.m.c.i.e.AbstractTransferListenerAdapter - Downloaded https://repo.maven.apache.org/maven2/org/springframework/spring-expression/7.0.0-M4/spring-expression-7.0.0-M4.jar
2025-04-29 15:17:32,107 [BasicRepositoryConnector-repo.maven.apache.org-0-2] INFO  o.e.m.c.i.e.AbstractTransferListenerAdapter - Downloaded https://repo.maven.apache.org/maven2/io/micrometer/micrometer-observation/1.15.0-RC1/micrometer-observation-1.15.0-RC1.jar
2025-04-29 15:17:32,147 [BasicRepositoryConnector-repo.maven.apache.org-0-4] INFO  o.e.m.c.i.e.AbstractTransferListenerAdapter - Downloaded https://repo.maven.apache.org/maven2/org/jspecify/jspecify/1.0.0/jspecify-1.0.0.jar
2025-04-29 15:17:33,027 [BasicRepositoryConnector-repo.maven.apache.org-0-1] INFO  o.e.m.c.i.e.AbstractTransferListenerAdapter - Downloaded https://repo.maven.apache.org/maven2/io/micrometer/micrometer-commons/1.15.0-RC1/micrometer-commons-1.15.0-RC1.jar
2025-04-29 15:17:33,763 [Worker-94: Building] INFO  o.a.m.s.f.DefaultMavenResourcesFiltering - skip non existing resourceDirectory E:\Git_Demo\Spring\MavenFirstProject\src\main\resources
2025-04-29 15:17:33,773 [Worker-94: Building] INFO  o.a.m.s.f.DefaultMavenResourcesFiltering - skip non existing resourceDirectory E:\Git_Demo\Spring\MavenFirstProject\src\test\resources
2025-04-29 15:17:34,372 [Worker-95: Download sources and javadoc] INFO  o.e.m.c.i.e.AbstractTransferListenerAdapter - Downloading https://repo.maven.apache.org/maven2/org/springframework/spring-context/7.0.0-M4/spring-context-7.0.0-M4-sources.jar
2025-04-29 15:17:35,231 [Worker-95: Download sources and javadoc] INFO  o.e.m.c.i.e.AbstractTransferListenerAdapter - Downloaded https://repo.maven.apache.org/maven2/org/springframework/spring-context/7.0.0-M4/spring-context-7.0.0-M4-sources.jar
2025-04-29 15:17:35,239 [Worker-95: Download sources and javadoc] INFO  o.e.m.j.internal.DownloadSourcesJob - Downloaded sources for org.springframework:spring-context:7.0.0-M4
2025-04-29 15:17:35,243 [Worker-96: Building] INFO  o.a.m.s.f.DefaultMavenResourcesFiltering - skip non existing resourceDirectory E:\Git_Demo\Spring\MavenFirstProject\src\main\resources
2025-04-29 15:17:35,251 [Worker-96: Building] INFO  o.a.m.s.f.DefaultMavenResourcesFiltering - skip non existing resourceDirectory E:\Git_Demo\Spring\MavenFirstProject\src\test\resources
2025-04-29 15:17:35,266 [Worker-95: Download sources and javadoc] INFO  o.e.m.c.i.e.AbstractTransferListenerAdapter - Downloading https://repo.maven.apache.org/maven2/org/springframework/spring-context/7.0.0-M4/spring-context-7.0.0-M4-javadoc.jar
2025-04-29 15:17:36,540 [Worker-95: Download sources and javadoc] INFO  o.e.m.c.i.e.AbstractTransferListenerAdapter - Downloaded https://repo.maven.apache.org/maven2/org/springframework/spring-context/7.0.0-M4/spring-context-7.0.0-M4-javadoc.jar
2025-04-29 15:17:36,544 [Worker-95: Download sources and javadoc] INFO  o.e.m.j.internal.DownloadSourcesJob - Downloaded javadoc for org.springframework:spring-context:7.0.0-M4
2025-04-29 15:17:36,603 [Worker-95: Download sources and javadoc] INFO  o.e.m.c.i.e.AbstractTransferListenerAdapter - Downloading https://repo.maven.apache.org/maven2/org/springframework/spring-aop/7.0.0-M4/spring-aop-7.0.0-M4-sources.jar
2025-04-29 15:17:36,710 [Worker-95: Download sources and javadoc] INFO  o.e.m.c.i.e.AbstractTransferListenerAdapter - Downloaded https://repo.maven.apache.org/maven2/org/springframework/spring-aop/7.0.0-M4/spring-aop-7.0.0-M4-sources.jar
2025-04-29 15:17:36,716 [Worker-95: Download sources and javadoc] INFO  o.e.m.j.internal.DownloadSourcesJob - Downloaded sources for org.springframework:spring-aop:7.0.0-M4
2025-04-29 15:17:36,734 [Worker-95: Download sources and javadoc] INFO  o.e.m.c.i.e.AbstractTransferListenerAdapter - Downloading https://repo.maven.apache.org/maven2/org/springframework/spring-aop/7.0.0-M4/spring-aop-7.0.0-M4-javadoc.jar
2025-04-29 15:17:37,139 [Worker-95: Download sources and javadoc] INFO  o.e.m.c.i.e.AbstractTransferListenerAdapter - Downloaded https://repo.maven.apache.org/maven2/org/springframework/spring-aop/7.0.0-M4/spring-aop-7.0.0-M4-javadoc.jar
2025-04-29 15:17:37,144 [Worker-95: Download sources and javadoc] INFO  o.e.m.j.internal.DownloadSourcesJob - Downloaded javadoc for org.springframework:spring-aop:7.0.0-M4
2025-04-29 15:17:37,204 [Worker-95: Download sources and javadoc] INFO  o.e.m.c.i.e.AbstractTransferListenerAdapter - Downloading https://repo.maven.apache.org/maven2/org/springframework/spring-beans/7.0.0-M4/spring-beans-7.0.0-M4-sources.jar
2025-04-29 15:17:37,314 [Worker-95: Download sources and javadoc] INFO  o.e.m.c.i.e.AbstractTransferListenerAdapter - Downloaded https://repo.maven.apache.org/maven2/org/springframework/spring-beans/7.0.0-M4/spring-beans-7.0.0-M4-sources.jar
2025-04-29 15:17:37,318 [Worker-95: Download sources and javadoc] INFO  o.e.m.j.internal.DownloadSourcesJob - Downloaded sources for org.springframework:spring-beans:7.0.0-M4
2025-04-29 15:17:37,338 [Worker-95: Download sources and javadoc] INFO  o.e.m.c.i.e.AbstractTransferListenerAdapter - Downloading https://repo.maven.apache.org/maven2/org/springframework/spring-beans/7.0.0-M4/spring-beans-7.0.0-M4-javadoc.jar
2025-04-29 15:17:38,303 [Worker-95: Download sources and javadoc] INFO  o.e.m.c.i.e.AbstractTransferListenerAdapter - Downloaded https://repo.maven.apache.org/maven2/org/springframework/spring-beans/7.0.0-M4/spring-beans-7.0.0-M4-javadoc.jar
2025-04-29 15:17:38,309 [Worker-95: Download sources and javadoc] INFO  o.e.m.j.internal.DownloadSourcesJob - Downloaded javadoc for org.springframework:spring-beans:7.0.0-M4
2025-04-29 15:17:38,357 [Worker-95: Download sources and javadoc] INFO  o.e.m.c.i.e.AbstractTransferListenerAdapter - Downloading https://repo.maven.apache.org/maven2/org/springframework/spring-core/7.0.0-M4/spring-core-7.0.0-M4-sources.jar
2025-04-29 15:17:39,004 [Worker-95: Download sources and javadoc] INFO  o.e.m.c.i.e.AbstractTransferListenerAdapter - Downloaded https://repo.maven.apache.org/maven2/org/springframework/spring-core/7.0.0-M4/spring-core-7.0.0-M4-sources.jar
2025-04-29 15:17:39,009 [Worker-95: Download sources and javadoc] INFO  o.e.m.j.internal.DownloadSourcesJob - Downloaded sources for org.springframework:spring-core:7.0.0-M4
2025-04-29 15:17:39,023 [Worker-95: Download sources and javadoc] INFO  o.e.m.c.i.e.AbstractTransferListenerAdapter - Downloading https://repo.maven.apache.org/maven2/org/springframework/spring-core/7.0.0-M4/spring-core-7.0.0-M4-javadoc.jar
2025-04-29 15:17:40,183 [Worker-95: Download sources and javadoc] INFO  o.e.m.c.i.e.AbstractTransferListenerAdapter - Downloaded https://repo.maven.apache.org/maven2/org/springframework/spring-core/7.0.0-M4/spring-core-7.0.0-M4-javadoc.jar
2025-04-29 15:17:40,188 [Worker-95: Download sources and javadoc] INFO  o.e.m.j.internal.DownloadSourcesJob - Downloaded javadoc for org.springframework:spring-core:7.0.0-M4
2025-04-29 15:17:40,245 [Worker-95: Download sources and javadoc] INFO  o.e.m.c.i.e.AbstractTransferListenerAdapter - Downloading https://repo.maven.apache.org/maven2/commons-logging/commons-logging/1.3.5/commons-logging-1.3.5-sources.jar
2025-04-29 15:17:40,310 [Worker-95: Download sources and javadoc] INFO  o.e.m.c.i.e.AbstractTransferListenerAdapter - Downloaded https://repo.maven.apache.org/maven2/commons-logging/commons-logging/1.3.5/commons-logging-1.3.5-sources.jar
2025-04-29 15:17:40,315 [Worker-95: Download sources and javadoc] INFO  o.e.m.j.internal.DownloadSourcesJob - Downloaded sources for commons-logging:commons-logging:1.3.5
2025-04-29 15:17:40,332 [Worker-95: Download sources and javadoc] INFO  o.e.m.c.i.e.AbstractTransferListenerAdapter - Downloading https://repo.maven.apache.org/maven2/commons-logging/commons-logging/1.3.5/commons-logging-1.3.5-javadoc.jar
2025-04-29 15:17:40,411 [Worker-95: Download sources and javadoc] INFO  o.e.m.c.i.e.AbstractTransferListenerAdapter - Downloaded https://repo.maven.apache.org/maven2/commons-logging/commons-logging/1.3.5/commons-logging-1.3.5-javadoc.jar
2025-04-29 15:17:40,417 [Worker-95: Download sources and javadoc] INFO  o.e.m.j.internal.DownloadSourcesJob - Downloaded javadoc for commons-logging:commons-logging:1.3.5
2025-04-29 15:17:40,492 [Worker-95: Download sources and javadoc] INFO  o.e.m.c.i.e.AbstractTransferListenerAdapter - Downloading https://repo.maven.apache.org/maven2/org/jspecify/jspecify/1.0.0/jspecify-1.0.0-sources.jar
2025-04-29 15:17:40,706 [Worker-95: Download sources and javadoc] INFO  o.e.m.c.i.e.AbstractTransferListenerAdapter - Downloaded https://repo.maven.apache.org/maven2/org/jspecify/jspecify/1.0.0/jspecify-1.0.0-sources.jar
2025-04-29 15:17:40,711 [Worker-95: Download sources and javadoc] INFO  o.e.m.j.internal.DownloadSourcesJob - Downloaded sources for org.jspecify:jspecify:1.0.0
2025-04-29 15:17:40,737 [Worker-95: Download sources and javadoc] INFO  o.e.m.c.i.e.AbstractTransferListenerAdapter - Downloading https://repo.maven.apache.org/maven2/org/jspecify/jspecify/1.0.0/jspecify-1.0.0-javadoc.jar
2025-04-29 15:17:40,818 [Worker-95: Download sources and javadoc] INFO  o.e.m.c.i.e.AbstractTransferListenerAdapter - Downloaded https://repo.maven.apache.org/maven2/org/jspecify/jspecify/1.0.0/jspecify-1.0.0-javadoc.jar
2025-04-29 15:17:40,822 [Worker-95: Download sources and javadoc] INFO  o.e.m.j.internal.DownloadSourcesJob - Downloaded javadoc for org.jspecify:jspecify:1.0.0
2025-04-29 15:17:40,885 [Worker-95: Download sources and javadoc] INFO  o.e.m.c.i.e.AbstractTransferListenerAdapter - Downloading https://repo.maven.apache.org/maven2/org/springframework/spring-expression/7.0.0-M4/spring-expression-7.0.0-M4-sources.jar
2025-04-29 15:17:40,986 [Worker-95: Download sources and javadoc] INFO  o.e.m.c.i.e.AbstractTransferListenerAdapter - Downloaded https://repo.maven.apache.org/maven2/org/springframework/spring-expression/7.0.0-M4/spring-expression-7.0.0-M4-sources.jar
2025-04-29 15:17:40,991 [Worker-95: Download sources and javadoc] INFO  o.e.m.j.internal.DownloadSourcesJob - Downloaded sources for org.springframework:spring-expression:7.0.0-M4
2025-04-29 15:17:41,012 [Worker-95: Download sources and javadoc] INFO  o.e.m.c.i.e.AbstractTransferListenerAdapter - Downloading https://repo.maven.apache.org/maven2/org/springframework/spring-expression/7.0.0-M4/spring-expression-7.0.0-M4-javadoc.jar
2025-04-29 15:17:41,343 [Worker-95: Download sources and javadoc] INFO  o.e.m.c.i.e.AbstractTransferListenerAdapter - Downloaded https://repo.maven.apache.org/maven2/org/springframework/spring-expression/7.0.0-M4/spring-expression-7.0.0-M4-javadoc.jar
2025-04-29 15:17:41,347 [Worker-95: Download sources and javadoc] INFO  o.e.m.j.internal.DownloadSourcesJob - Downloaded javadoc for org.springframework:spring-expression:7.0.0-M4
2025-04-29 15:17:41,402 [Worker-95: Download sources and javadoc] INFO  o.e.m.c.i.e.AbstractTransferListenerAdapter - Downloading https://repo.maven.apache.org/maven2/io/micrometer/micrometer-observation/1.15.0-RC1/micrometer-observation-1.15.0-RC1-sources.jar
2025-04-29 15:17:41,464 [Worker-95: Download sources and javadoc] INFO  o.e.m.c.i.e.AbstractTransferListenerAdapter - Downloaded https://repo.maven.apache.org/maven2/io/micrometer/micrometer-observation/1.15.0-RC1/micrometer-observation-1.15.0-RC1-sources.jar
2025-04-29 15:17:41,469 [Worker-95: Download sources and javadoc] INFO  o.e.m.j.internal.DownloadSourcesJob - Downloaded sources for io.micrometer:micrometer-observation:1.15.0-RC1
2025-04-29 15:17:41,502 [Worker-95: Download sources and javadoc] INFO  o.e.m.c.i.e.AbstractTransferListenerAdapter - Downloading https://repo.maven.apache.org/maven2/io/micrometer/micrometer-observation/1.15.0-RC1/micrometer-observation-1.15.0-RC1-javadoc.jar
2025-04-29 15:17:41,564 [Worker-95: Download sources and javadoc] INFO  o.e.m.c.i.e.AbstractTransferListenerAdapter - Downloaded https://repo.maven.apache.org/maven2/io/micrometer/micrometer-observation/1.15.0-RC1/micrometer-observation-1.15.0-RC1-javadoc.jar
2025-04-29 15:17:41,568 [Worker-95: Download sources and javadoc] INFO  o.e.m.j.internal.DownloadSourcesJob - Downloaded javadoc for io.micrometer:micrometer-observation:1.15.0-RC1
2025-04-29 15:17:41,615 [Worker-95: Download sources and javadoc] INFO  o.e.m.c.i.e.AbstractTransferListenerAdapter - Downloading https://repo.maven.apache.org/maven2/io/micrometer/micrometer-commons/1.15.0-RC1/micrometer-commons-1.15.0-RC1-sources.jar
2025-04-29 15:17:42,453 [Worker-95: Download sources and javadoc] INFO  o.e.m.c.i.e.AbstractTransferListenerAdapter - Downloaded https://repo.maven.apache.org/maven2/io/micrometer/micrometer-commons/1.15.0-RC1/micrometer-commons-1.15.0-RC1-sources.jar
2025-04-29 15:17:42,457 [Worker-95: Download sources and javadoc] INFO  o.e.m.j.internal.DownloadSourcesJob - Downloaded sources for io.micrometer:micrometer-commons:1.15.0-RC1
2025-04-29 15:17:42,473 [Worker-95: Download sources and javadoc] INFO  o.e.m.c.i.e.AbstractTransferListenerAdapter - Downloading https://repo.maven.apache.org/maven2/io/micrometer/micrometer-commons/1.15.0-RC1/micrometer-commons-1.15.0-RC1-javadoc.jar
2025-04-29 15:17:42,530 [Worker-95: Download sources and javadoc] INFO  o.e.m.c.i.e.AbstractTransferListenerAdapter - Downloaded https://repo.maven.apache.org/maven2/io/micrometer/micrometer-commons/1.15.0-RC1/micrometer-commons-1.15.0-RC1-javadoc.jar
2025-04-29 15:17:42,535 [Worker-95: Download sources and javadoc] INFO  o.e.m.j.internal.DownloadSourcesJob - Downloaded javadoc for io.micrometer:micrometer-commons:1.15.0-RC1
2025-04-29 15:21:00,158 [Start Help Server] INFO  org.eclipse.jetty.server.Server - jetty-12.0.16; built: 2024-12-09T21:02:54.535Z; git: c3f88bafb4e393f23204dc14dc57b042e84debc7; jvm 21.0.6+7-LTS
2025-04-29 15:21:00,287 [Start Help Server] INFO  o.e.j.server.handler.ContextHandler - Started oeje8n.ContextHandler$CoreContextHandler@2b684f7a{/help,/help,b=null,a=AVAILABLE,h=oeje8n.ContextHandler$CoreContextHandler$CoreToNestedHandler@3ee56fad{STARTED}}
2025-04-29 15:21:00,288 [Start Help Server] INFO  o.e.j.s.DefaultSessionIdManager - Session workerName=node0
2025-04-29 15:21:00,320 [Start Help Server] INFO  o.e.jetty.server.AbstractConnector - Started ServerConnector@2c25706f{HTTP/1.1, (http/1.1)}{127.0.0.1:52147}
2025-04-29 15:21:00,373 [Start Help Server] INFO  org.eclipse.jetty.server.Server - Started oejs.Server@2ae27c7f{STARTING}[12.0.16,sto=0] @15193689ms
2025-04-29 15:42:11,297 [Worker-105: Building] INFO  o.a.m.s.f.DefaultMavenResourcesFiltering - skip non existing resourceDirectory E:\Git_Demo\Spring\MavenFirstProject\src\main\resources
2025-04-29 15:42:11,303 [Worker-105: Building] INFO  o.a.m.s.f.DefaultMavenResourcesFiltering - skip non existing resourceDirectory E:\Git_Demo\Spring\MavenFirstProject\src\test\resources
2025-04-29 15:42:25,395 [Worker-105: Building] INFO  o.a.m.s.f.DefaultMavenResourcesFiltering - skip non existing resourceDirectory E:\Git_Demo\Spring\MavenFirstProject\src\main\resources
2025-04-29 15:42:25,397 [Worker-105: Building] INFO  o.a.m.s.f.DefaultMavenResourcesFiltering - skip non existing resourceDirectory E:\Git_Demo\Spring\MavenFirstProject\src\test\resources
2025-04-29 15:42:38,023 [Worker-107: Building] INFO  o.a.m.s.f.DefaultMavenResourcesFiltering - skip non existing resourceDirectory E:\Git_Demo\Spring\MavenFirstProject\src\main\resources
2025-04-29 15:42:38,026 [Worker-107: Building] INFO  o.a.m.s.f.DefaultMavenResourcesFiltering - skip non existing resourceDirectory E:\Git_Demo\Spring\MavenFirstProject\src\test\resources
2025-04-29 15:49:56,049 [Worker-112: Building] INFO  o.a.m.s.f.DefaultMavenResourcesFiltering - skip non existing resourceDirectory E:\Git_Demo\Spring\MavenFirstProject\src\main\resources
2025-04-29 15:49:56,052 [Worker-112: Building] INFO  o.a.m.s.f.DefaultMavenResourcesFiltering - skip non existing resourceDirectory E:\Git_Demo\Spring\MavenFirstProject\src\test\resources
2025-04-29 16:10:17,505 [Worker-118: Launching mavenrun-b91974f7-c275-43ae-82dd-eefa0c46f4fe] INFO  o.eclipse.m2e.core.internal.Bundles - getClasspathEntries(Bundle=org.eclipse.m2e.maven.runtime_3.9.900.20250220-2013 [638])
2025-04-29 16:10:17,507 [Worker-118: Launching mavenrun-b91974f7-c275-43ae-82dd-eefa0c46f4fe] INFO  o.eclipse.m2e.core.internal.Bundles - 	Entry: C:\Program Files\eclipse\plugins\org.eclipse.m2e.maven.runtime_3.9.900.20250220-2013
2025-04-29 16:10:17,508 [Worker-118: Launching mavenrun-b91974f7-c275-43ae-82dd-eefa0c46f4fe] INFO  o.eclipse.m2e.core.internal.Bundles - 	Entry: C:\Program Files\eclipse\plugins\org.eclipse.m2e.maven.runtime_3.9.900.20250220-2013\jars\aopalliance-1.0.jar
2025-04-29 16:10:17,509 [Worker-118: Launching mavenrun-b91974f7-c275-43ae-82dd-eefa0c46f4fe] INFO  o.eclipse.m2e.core.internal.Bundles - 	Entry: C:\Program Files\eclipse\plugins\org.eclipse.m2e.maven.runtime_3.9.900.20250220-2013\jars\guice-5.1.0.jar
2025-04-29 16:10:17,509 [Worker-118: Launching mavenrun-b91974f7-c275-43ae-82dd-eefa0c46f4fe] INFO  o.eclipse.m2e.core.internal.Bundles - 	Entry: C:\Program Files\eclipse\plugins\org.eclipse.m2e.maven.runtime_3.9.900.20250220-2013\jars\httpclient-4.5.14.jar
2025-04-29 16:10:17,510 [Worker-118: Launching mavenrun-b91974f7-c275-43ae-82dd-eefa0c46f4fe] INFO  o.eclipse.m2e.core.internal.Bundles - 	Entry: C:\Program Files\eclipse\plugins\org.eclipse.m2e.maven.runtime_3.9.900.20250220-2013\jars\httpcore-4.4.16.jar
2025-04-29 16:10:17,510 [Worker-118: Launching mavenrun-b91974f7-c275-43ae-82dd-eefa0c46f4fe] INFO  o.eclipse.m2e.core.internal.Bundles - 	Entry: C:\Program Files\eclipse\plugins\org.eclipse.m2e.maven.runtime_3.9.900.20250220-2013\jars\jansi-2.4.1.jar
2025-04-29 16:10:17,510 [Worker-118: Launching mavenrun-b91974f7-c275-43ae-82dd-eefa0c46f4fe] INFO  o.eclipse.m2e.core.internal.Bundles - 	Entry: C:\Program Files\eclipse\plugins\org.eclipse.m2e.maven.runtime_3.9.900.20250220-2013\jars\jcl-over-slf4j-1.7.36.jar
2025-04-29 16:10:17,511 [Worker-118: Launching mavenrun-b91974f7-c275-43ae-82dd-eefa0c46f4fe] INFO  o.eclipse.m2e.core.internal.Bundles - 	Entry: C:\Program Files\eclipse\plugins\org.eclipse.m2e.maven.runtime_3.9.900.20250220-2013\jars\maven-artifact-3.9.9.jar
2025-04-29 16:10:17,512 [Worker-118: Launching mavenrun-b91974f7-c275-43ae-82dd-eefa0c46f4fe] INFO  o.eclipse.m2e.core.internal.Bundles - 	Entry: C:\Program Files\eclipse\plugins\org.eclipse.m2e.maven.runtime_3.9.900.20250220-2013\jars\maven-builder-support-3.9.9.jar
2025-04-29 16:10:17,512 [Worker-118: Launching mavenrun-b91974f7-c275-43ae-82dd-eefa0c46f4fe] INFO  o.eclipse.m2e.core.internal.Bundles - 	Entry: C:\Program Files\eclipse\plugins\org.eclipse.m2e.maven.runtime_3.9.900.20250220-2013\jars\maven-compat-3.9.9.jar
2025-04-29 16:10:17,513 [Worker-118: Launching mavenrun-b91974f7-c275-43ae-82dd-eefa0c46f4fe] INFO  o.eclipse.m2e.core.internal.Bundles - 	Entry: C:\Program Files\eclipse\plugins\org.eclipse.m2e.maven.runtime_3.9.900.20250220-2013\jars\maven-core-3.9.9.jar
2025-04-29 16:10:17,513 [Worker-118: Launching mavenrun-b91974f7-c275-43ae-82dd-eefa0c46f4fe] INFO  o.eclipse.m2e.core.internal.Bundles - 	Entry: C:\Program Files\eclipse\plugins\org.eclipse.m2e.maven.runtime_3.9.900.20250220-2013\jars\maven-embedder-3.9.9.jar
2025-04-29 16:10:17,513 [Worker-118: Launching mavenrun-b91974f7-c275-43ae-82dd-eefa0c46f4fe] INFO  o.eclipse.m2e.core.internal.Bundles - 	Entry: C:\Program Files\eclipse\plugins\org.eclipse.m2e.maven.runtime_3.9.900.20250220-2013\jars\maven-model-3.9.9.jar
2025-04-29 16:10:17,514 [Worker-118: Launching mavenrun-b91974f7-c275-43ae-82dd-eefa0c46f4fe] INFO  o.eclipse.m2e.core.internal.Bundles - 	Entry: C:\Program Files\eclipse\plugins\org.eclipse.m2e.maven.runtime_3.9.900.20250220-2013\jars\maven-model-builder-3.9.9.jar
2025-04-29 16:10:17,515 [Worker-118: Launching mavenrun-b91974f7-c275-43ae-82dd-eefa0c46f4fe] INFO  o.eclipse.m2e.core.internal.Bundles - 	Entry: C:\Program Files\eclipse\plugins\org.eclipse.m2e.maven.runtime_3.9.900.20250220-2013\jars\maven-plugin-api-3.9.9.jar
2025-04-29 16:10:17,515 [Worker-118: Launching mavenrun-b91974f7-c275-43ae-82dd-eefa0c46f4fe] INFO  o.eclipse.m2e.core.internal.Bundles - 	Entry: C:\Program Files\eclipse\plugins\org.eclipse.m2e.maven.runtime_3.9.900.20250220-2013\jars\maven-repository-metadata-3.9.9.jar
2025-04-29 16:10:17,515 [Worker-118: Launching mavenrun-b91974f7-c275-43ae-82dd-eefa0c46f4fe] INFO  o.eclipse.m2e.core.internal.Bundles - 	Entry: C:\Program Files\eclipse\plugins\org.eclipse.m2e.maven.runtime_3.9.900.20250220-2013\jars\maven-resolver-api-1.9.22.jar
2025-04-29 16:10:17,516 [Worker-118: Launching mavenrun-b91974f7-c275-43ae-82dd-eefa0c46f4fe] INFO  o.eclipse.m2e.core.internal.Bundles - 	Entry: C:\Program Files\eclipse\plugins\org.eclipse.m2e.maven.runtime_3.9.900.20250220-2013\jars\maven-resolver-connector-basic-1.9.22.jar
2025-04-29 16:10:17,516 [Worker-118: Launching mavenrun-b91974f7-c275-43ae-82dd-eefa0c46f4fe] INFO  o.eclipse.m2e.core.internal.Bundles - 	Entry: C:\Program Files\eclipse\plugins\org.eclipse.m2e.maven.runtime_3.9.900.20250220-2013\jars\maven-resolver-impl-1.9.22.jar
2025-04-29 16:10:17,516 [Worker-118: Launching mavenrun-b91974f7-c275-43ae-82dd-eefa0c46f4fe] INFO  o.eclipse.m2e.core.internal.Bundles - 	Entry: C:\Program Files\eclipse\plugins\org.eclipse.m2e.maven.runtime_3.9.900.20250220-2013\jars\maven-resolver-named-locks-1.9.22.jar
2025-04-29 16:10:17,517 [Worker-118: Launching mavenrun-b91974f7-c275-43ae-82dd-eefa0c46f4fe] INFO  o.eclipse.m2e.core.internal.Bundles - 	Entry: C:\Program Files\eclipse\plugins\org.eclipse.m2e.maven.runtime_3.9.900.20250220-2013\jars\maven-resolver-provider-3.9.9.jar
2025-04-29 16:10:17,517 [Worker-118: Launching mavenrun-b91974f7-c275-43ae-82dd-eefa0c46f4fe] INFO  o.eclipse.m2e.core.internal.Bundles - 	Entry: C:\Program Files\eclipse\plugins\org.eclipse.m2e.maven.runtime_3.9.900.20250220-2013\jars\maven-resolver-spi-1.9.22.jar
2025-04-29 16:10:17,517 [Worker-118: Launching mavenrun-b91974f7-c275-43ae-82dd-eefa0c46f4fe] INFO  o.eclipse.m2e.core.internal.Bundles - 	Entry: C:\Program Files\eclipse\plugins\org.eclipse.m2e.maven.runtime_3.9.900.20250220-2013\jars\maven-resolver-transport-file-1.9.22.jar
2025-04-29 16:10:17,517 [Worker-118: Launching mavenrun-b91974f7-c275-43ae-82dd-eefa0c46f4fe] INFO  o.eclipse.m2e.core.internal.Bundles - 	Entry: C:\Program Files\eclipse\plugins\org.eclipse.m2e.maven.runtime_3.9.900.20250220-2013\jars\maven-resolver-transport-http-1.9.22.jar
2025-04-29 16:10:17,518 [Worker-118: Launching mavenrun-b91974f7-c275-43ae-82dd-eefa0c46f4fe] INFO  o.eclipse.m2e.core.internal.Bundles - 	Entry: C:\Program Files\eclipse\plugins\org.eclipse.m2e.maven.runtime_3.9.900.20250220-2013\jars\maven-resolver-transport-wagon-1.9.22.jar
2025-04-29 16:10:17,518 [Worker-118: Launching mavenrun-b91974f7-c275-43ae-82dd-eefa0c46f4fe] INFO  o.eclipse.m2e.core.internal.Bundles - 	Entry: C:\Program Files\eclipse\plugins\org.eclipse.m2e.maven.runtime_3.9.900.20250220-2013\jars\maven-resolver-util-1.9.22.jar
2025-04-29 16:10:17,518 [Worker-118: Launching mavenrun-b91974f7-c275-43ae-82dd-eefa0c46f4fe] INFO  o.eclipse.m2e.core.internal.Bundles - 	Entry: C:\Program Files\eclipse\plugins\org.eclipse.m2e.maven.runtime_3.9.900.20250220-2013\jars\maven-settings-3.9.9.jar
2025-04-29 16:10:17,519 [Worker-118: Launching mavenrun-b91974f7-c275-43ae-82dd-eefa0c46f4fe] INFO  o.eclipse.m2e.core.internal.Bundles - 	Entry: C:\Program Files\eclipse\plugins\org.eclipse.m2e.maven.runtime_3.9.900.20250220-2013\jars\maven-settings-builder-3.9.9.jar
2025-04-29 16:10:17,519 [Worker-118: Launching mavenrun-b91974f7-c275-43ae-82dd-eefa0c46f4fe] INFO  o.eclipse.m2e.core.internal.Bundles - 	Entry: C:\Program Files\eclipse\plugins\org.eclipse.m2e.maven.runtime_3.9.900.20250220-2013\jars\maven-shared-utils-3.4.2.jar
2025-04-29 16:10:17,519 [Worker-118: Launching mavenrun-b91974f7-c275-43ae-82dd-eefa0c46f4fe] INFO  o.eclipse.m2e.core.internal.Bundles - 	Entry: C:\Program Files\eclipse\plugins\org.eclipse.m2e.maven.runtime_3.9.900.20250220-2013\jars\org.eclipse.sisu.inject-0.9.0.M3.jar
2025-04-29 16:10:17,520 [Worker-118: Launching mavenrun-b91974f7-c275-43ae-82dd-eefa0c46f4fe] INFO  o.eclipse.m2e.core.internal.Bundles - 	Entry: C:\Program Files\eclipse\plugins\org.eclipse.m2e.maven.runtime_3.9.900.20250220-2013\jars\org.eclipse.sisu.plexus-0.9.0.M3.jar
2025-04-29 16:10:17,520 [Worker-118: Launching mavenrun-b91974f7-c275-43ae-82dd-eefa0c46f4fe] INFO  o.eclipse.m2e.core.internal.Bundles - 	Entry: C:\Program Files\eclipse\plugins\org.eclipse.m2e.maven.runtime_3.9.900.20250220-2013\jars\plexus-build-api-0.0.7.jar
2025-04-29 16:10:17,520 [Worker-118: Launching mavenrun-b91974f7-c275-43ae-82dd-eefa0c46f4fe] INFO  o.eclipse.m2e.core.internal.Bundles - 	Entry: C:\Program Files\eclipse\plugins\org.eclipse.m2e.maven.runtime_3.9.900.20250220-2013\jars\plexus-build-api-1.2.0.jar
2025-04-29 16:10:17,521 [Worker-118: Launching mavenrun-b91974f7-c275-43ae-82dd-eefa0c46f4fe] INFO  o.eclipse.m2e.core.internal.Bundles - 	Entry: C:\Program Files\eclipse\plugins\org.eclipse.m2e.maven.runtime_3.9.900.20250220-2013\jars\plexus-cipher-2.0.jar
2025-04-29 16:10:17,521 [Worker-118: Launching mavenrun-b91974f7-c275-43ae-82dd-eefa0c46f4fe] INFO  o.eclipse.m2e.core.internal.Bundles - 	Entry: C:\Program Files\eclipse\plugins\org.eclipse.m2e.maven.runtime_3.9.900.20250220-2013\jars\plexus-classworlds-2.8.0.jar
2025-04-29 16:10:17,521 [Worker-118: Launching mavenrun-b91974f7-c275-43ae-82dd-eefa0c46f4fe] INFO  o.eclipse.m2e.core.internal.Bundles - 	Entry: C:\Program Files\eclipse\plugins\org.eclipse.m2e.maven.runtime_3.9.900.20250220-2013\jars\plexus-component-annotations-2.1.0.jar
2025-04-29 16:10:17,521 [Worker-118: Launching mavenrun-b91974f7-c275-43ae-82dd-eefa0c46f4fe] INFO  o.eclipse.m2e.core.internal.Bundles - 	Entry: C:\Program Files\eclipse\plugins\org.eclipse.m2e.maven.runtime_3.9.900.20250220-2013\jars\plexus-interpolation-1.27.jar
2025-04-29 16:10:17,522 [Worker-118: Launching mavenrun-b91974f7-c275-43ae-82dd-eefa0c46f4fe] INFO  o.eclipse.m2e.core.internal.Bundles - 	Entry: C:\Program Files\eclipse\plugins\org.eclipse.m2e.maven.runtime_3.9.900.20250220-2013\jars\plexus-sec-dispatcher-2.0.jar
2025-04-29 16:10:17,522 [Worker-118: Launching mavenrun-b91974f7-c275-43ae-82dd-eefa0c46f4fe] INFO  o.eclipse.m2e.core.internal.Bundles - 	Entry: C:\Program Files\eclipse\plugins\org.eclipse.m2e.maven.runtime_3.9.900.20250220-2013\jars\plexus-utils-3.5.1.jar
2025-04-29 16:10:17,522 [Worker-118: Launching mavenrun-b91974f7-c275-43ae-82dd-eefa0c46f4fe] INFO  o.eclipse.m2e.core.internal.Bundles - 	Entry: C:\Program Files\eclipse\plugins\org.eclipse.m2e.maven.runtime_3.9.900.20250220-2013\jars\plexus-xml-3.0.1.jar
2025-04-29 16:10:17,522 [Worker-118: Launching mavenrun-b91974f7-c275-43ae-82dd-eefa0c46f4fe] INFO  o.eclipse.m2e.core.internal.Bundles - 	Entry: C:\Program Files\eclipse\plugins\org.eclipse.m2e.maven.runtime_3.9.900.20250220-2013\jars\wagon-file-3.5.3.jar
2025-04-29 16:10:17,523 [Worker-118: Launching mavenrun-b91974f7-c275-43ae-82dd-eefa0c46f4fe] INFO  o.eclipse.m2e.core.internal.Bundles - 	Entry: C:\Program Files\eclipse\plugins\org.eclipse.m2e.maven.runtime_3.9.900.20250220-2013\jars\wagon-http-3.5.3.jar
2025-04-29 16:10:17,523 [Worker-118: Launching mavenrun-b91974f7-c275-43ae-82dd-eefa0c46f4fe] INFO  o.eclipse.m2e.core.internal.Bundles - 	Entry: C:\Program Files\eclipse\plugins\org.eclipse.m2e.maven.runtime_3.9.900.20250220-2013\jars\wagon-http-shared-3.5.3.jar
2025-04-29 16:10:17,523 [Worker-118: Launching mavenrun-b91974f7-c275-43ae-82dd-eefa0c46f4fe] INFO  o.eclipse.m2e.core.internal.Bundles - 	Entry: C:\Program Files\eclipse\plugins\org.eclipse.m2e.maven.runtime_3.9.900.20250220-2013\jars\wagon-provider-api-3.5.3.jar
2025-04-29 16:10:17,524 [Worker-118: Launching mavenrun-b91974f7-c275-43ae-82dd-eefa0c46f4fe] INFO  o.eclipse.m2e.core.internal.Bundles - getClasspathEntries(Bundle=com.google.guava_33.4.0.jre [16])
2025-04-29 16:10:17,524 [Worker-118: Launching mavenrun-b91974f7-c275-43ae-82dd-eefa0c46f4fe] INFO  o.eclipse.m2e.core.internal.Bundles - 	Entry: C:\Program Files\eclipse\plugins\com.google.guava_33.4.0.jre.jar
2025-04-29 16:10:17,525 [Worker-118: Launching mavenrun-b91974f7-c275-43ae-82dd-eefa0c46f4fe] INFO  o.eclipse.m2e.core.internal.Bundles - getClasspathEntries(Bundle=slf4j.api_2.0.16 [1005])
2025-04-29 16:10:17,525 [Worker-118: Launching mavenrun-b91974f7-c275-43ae-82dd-eefa0c46f4fe] INFO  o.eclipse.m2e.core.internal.Bundles - 	Entry: C:\Program Files\eclipse\plugins\slf4j.api_2.0.16.jar
2025-04-29 16:10:17,525 [Worker-118: Launching mavenrun-b91974f7-c275-43ae-82dd-eefa0c46f4fe] INFO  o.eclipse.m2e.core.internal.Bundles - getClasspathEntries(Bundle=jakarta.inject.jakarta.inject-api_1.0.5 [34])
2025-04-29 16:10:17,526 [Worker-118: Launching mavenrun-b91974f7-c275-43ae-82dd-eefa0c46f4fe] INFO  o.eclipse.m2e.core.internal.Bundles - 	Entry: C:\Program Files\eclipse\plugins\jakarta.inject.jakarta.inject-api_1.0.5.jar
2025-04-29 16:10:17,526 [Worker-118: Launching mavenrun-b91974f7-c275-43ae-82dd-eefa0c46f4fe] INFO  o.eclipse.m2e.core.internal.Bundles - getClasspathEntries(Bundle=jakarta.annotation-api_1.3.5 [29])
2025-04-29 16:10:17,526 [Worker-118: Launching mavenrun-b91974f7-c275-43ae-82dd-eefa0c46f4fe] INFO  o.eclipse.m2e.core.internal.Bundles - 	Entry: C:\Program Files\eclipse\plugins\jakarta.annotation-api_1.3.5.jar
2025-04-29 16:10:17,526 [Worker-118: Launching mavenrun-b91974f7-c275-43ae-82dd-eefa0c46f4fe] INFO  o.eclipse.m2e.core.internal.Bundles - getClasspathEntries(Bundle=org.apache.commons.cli_1.9.0 [74])
2025-04-29 16:10:17,526 [Worker-118: Launching mavenrun-b91974f7-c275-43ae-82dd-eefa0c46f4fe] INFO  o.eclipse.m2e.core.internal.Bundles - 	Entry: C:\Program Files\eclipse\plugins\org.apache.commons.cli_1.9.0.jar
2025-04-29 16:10:17,526 [Worker-118: Launching mavenrun-b91974f7-c275-43ae-82dd-eefa0c46f4fe] INFO  o.eclipse.m2e.core.internal.Bundles - getClasspathEntries(Bundle=org.apache.commons.commons-codec_1.16.0 [76])
2025-04-29 16:10:17,527 [Worker-118: Launching mavenrun-b91974f7-c275-43ae-82dd-eefa0c46f4fe] INFO  o.eclipse.m2e.core.internal.Bundles - 	Entry: C:\Program Files\eclipse\plugins\org.apache.commons.commons-codec_1.16.0.jar
2025-04-29 16:10:17,527 [Worker-118: Launching mavenrun-b91974f7-c275-43ae-82dd-eefa0c46f4fe] INFO  o.eclipse.m2e.core.internal.Bundles - getClasspathEntries(Bundle=com.google.guava.failureaccess_1.0.2 [17])
2025-04-29 16:10:17,528 [Worker-118: Launching mavenrun-b91974f7-c275-43ae-82dd-eefa0c46f4fe] INFO  o.eclipse.m2e.core.internal.Bundles - 	Entry: C:\Program Files\eclipse\plugins\com.google.guava.failureaccess_1.0.2.jar
2025-04-29 16:10:17,530 [Worker-118: Launching mavenrun-b91974f7-c275-43ae-82dd-eefa0c46f4fe] INFO  o.e.m.i.launch.MavenLaunchDelegate - Run build in "C:\Users\rohit\AppData\Local\Temp\m2e-archetypeGenerator15820685997552057591":
2025-04-29 16:10:17,531 [Worker-118: Launching mavenrun-b91974f7-c275-43ae-82dd-eefa0c46f4fe] INFO  o.e.m.i.launch.MavenLaunchDelegate -  mvn  -DarchetypeGroupId=org.apache.maven.archetypes -DarchetypeArtifactId=maven-archetype-quickstart -DarchetypeVersion=1.1 -DgroupId=in.smartprogramming -DartifactId=SpringjdbcCrudOperation -Dversion=0.0.1-SNAPSHOT -Dpackage=in.smartprogramming.SpringjdbcCrudOperation -DoutputDirectory=E:\Git_Demo\Spring -Dstyle.color=always -U archetype:generate
2025-04-29 16:10:32,410 [Worker-116: Creating maven-archetype-quickstart] INFO  o.e.m.c.i.p.ProjectConfigurationManager - Collecting project info '/pom.xml' E:\Git_Demo\Spring\SpringjdbcCrudOperation\pom.xml
2025-04-29 16:10:32,532 [Worker-116: Creating maven-archetype-quickstart] INFO  o.e.m.c.i.l.LifecycleMappingFactory - Using org.eclipse.m2e.jdt.JarLifecycleMapping lifecycle mapping for MavenProject: in.smartprogramming:SpringjdbcCrudOperation:0.0.1-SNAPSHOT @ E:\Git_Demo\Spring\SpringjdbcCrudOperation\pom.xml.
2025-04-29 16:10:33,026 [Worker-116: Creating maven-archetype-quickstart] INFO  o.e.m.j.i.AbstractJavaProjectConfigurator - Adding source folder /SpringjdbcCrudOperation/src/main/java
2025-04-29 16:10:33,028 [Worker-116: Creating maven-archetype-quickstart] INFO  o.e.m.j.i.AbstractJavaProjectConfigurator - Adding resource folder /SpringjdbcCrudOperation/src/main/resources
2025-04-29 16:10:33,032 [Worker-116: Creating maven-archetype-quickstart] INFO  o.e.m.j.i.AbstractJavaProjectConfigurator - Adding source folder /SpringjdbcCrudOperation/src/test/java
2025-04-29 16:10:33,033 [Worker-116: Creating maven-archetype-quickstart] INFO  o.e.m.j.i.AbstractJavaProjectConfigurator - Adding resource folder /SpringjdbcCrudOperation/src/test/resources
2025-04-29 16:10:33,101 [Worker-116: Creating maven-archetype-quickstart] INFO  o.e.m.c.i.p.ProjectConfigurationManager - Imported and configured 1 project(s) in 0 sec
2025-04-29 16:10:33,360 [Worker-122: Building] INFO  o.a.m.s.f.DefaultMavenResourcesFiltering - skip non existing resourceDirectory E:\Git_Demo\Spring\SpringjdbcCrudOperation\src\main\resources
2025-04-29 16:10:33,364 [Worker-122: Building] INFO  o.a.m.s.f.DefaultMavenResourcesFiltering - skip non existing resourceDirectory E:\Git_Demo\Spring\SpringjdbcCrudOperation\src\test\resources
2025-04-29 16:19:06,589 [Worker-126: Building] INFO  o.e.m.c.i.l.LifecycleMappingFactory - Using org.eclipse.m2e.jdt.JarLifecycleMapping lifecycle mapping for MavenProject: in.smartprogramming:SpringjdbcCrudOperation:0.0.1-SNAPSHOT @ E:\Git_Demo\Spring\SpringjdbcCrudOperation\pom.xml.
2025-04-29 16:19:06,782 [Worker-126: Building] INFO  o.e.m.c.i.e.AbstractTransferListenerAdapter - Downloading https://repo.maven.apache.org/maven2/org/springframework/spring-jdbc/7.0.0-M4/spring-jdbc-7.0.0-M4.pom
2025-04-29 16:19:06,842 [Worker-126: Building] INFO  o.e.m.c.i.e.AbstractTransferListenerAdapter - Downloaded https://repo.maven.apache.org/maven2/org/springframework/spring-jdbc/7.0.0-M4/spring-jdbc-7.0.0-M4.pom
2025-04-29 16:19:06,868 [Worker-126: Building] INFO  o.e.m.c.i.e.AbstractTransferListenerAdapter - Downloading https://repo.maven.apache.org/maven2/org/springframework/spring-tx/7.0.0-M4/spring-tx-7.0.0-M4.pom
2025-04-29 16:19:06,930 [Worker-126: Building] INFO  o.e.m.c.i.e.AbstractTransferListenerAdapter - Downloaded https://repo.maven.apache.org/maven2/org/springframework/spring-tx/7.0.0-M4/spring-tx-7.0.0-M4.pom
2025-04-29 16:19:06,965 [Worker-126: Building] INFO  o.e.m.c.i.e.AbstractTransferListenerAdapter - Downloading https://repo.maven.apache.org/maven2/com/mysql/mysql-connector-j/8.1.0/mysql-connector-j-8.1.0.pom
2025-04-29 16:19:07,031 [Worker-126: Building] INFO  o.e.m.c.i.e.AbstractTransferListenerAdapter - Downloaded https://repo.maven.apache.org/maven2/com/mysql/mysql-connector-j/8.1.0/mysql-connector-j-8.1.0.pom
2025-04-29 16:19:07,059 [Worker-126: Building] INFO  o.e.m.c.i.e.AbstractTransferListenerAdapter - Downloading https://repo.maven.apache.org/maven2/com/google/protobuf/protobuf-java/3.21.9/protobuf-java-3.21.9.pom
2025-04-29 16:19:07,116 [Worker-126: Building] INFO  o.e.m.c.i.e.AbstractTransferListenerAdapter - Downloaded https://repo.maven.apache.org/maven2/com/google/protobuf/protobuf-java/3.21.9/protobuf-java-3.21.9.pom
2025-04-29 16:19:07,143 [Worker-126: Building] INFO  o.e.m.c.i.e.AbstractTransferListenerAdapter - Downloading https://repo.maven.apache.org/maven2/com/google/protobuf/protobuf-parent/3.21.9/protobuf-parent-3.21.9.pom
2025-04-29 16:19:07,210 [Worker-126: Building] INFO  o.e.m.c.i.e.AbstractTransferListenerAdapter - Downloaded https://repo.maven.apache.org/maven2/com/google/protobuf/protobuf-parent/3.21.9/protobuf-parent-3.21.9.pom
2025-04-29 16:19:07,253 [Worker-126: Building] INFO  o.e.m.c.i.e.AbstractTransferListenerAdapter - Downloading https://repo.maven.apache.org/maven2/com/google/protobuf/protobuf-bom/3.21.9/protobuf-bom-3.21.9.pom
2025-04-29 16:19:07,315 [Worker-126: Building] INFO  o.e.m.c.i.e.AbstractTransferListenerAdapter - Downloaded https://repo.maven.apache.org/maven2/com/google/protobuf/protobuf-bom/3.21.9/protobuf-bom-3.21.9.pom
2025-04-29 16:19:07,366 [Worker-126: Building] INFO  o.e.m.c.i.e.AbstractTransferListenerAdapter - Downloading https://repo.maven.apache.org/maven2/org/springframework/spring-jdbc/7.0.0-M4/spring-jdbc-7.0.0-M4.jar
2025-04-29 16:19:07,523 [Worker-126: Building] INFO  o.e.m.c.i.e.AbstractTransferListenerAdapter - Downloaded https://repo.maven.apache.org/maven2/org/springframework/spring-jdbc/7.0.0-M4/spring-jdbc-7.0.0-M4.jar
2025-04-29 16:19:07,539 [BasicRepositoryConnector-repo.maven.apache.org-1-0] INFO  o.e.m.c.i.e.AbstractTransferListenerAdapter - Downloading https://repo.maven.apache.org/maven2/org/springframework/spring-tx/7.0.0-M4/spring-tx-7.0.0-M4.jar
2025-04-29 16:19:07,603 [BasicRepositoryConnector-repo.maven.apache.org-1-1] INFO  o.e.m.c.i.e.AbstractTransferListenerAdapter - Downloading https://repo.maven.apache.org/maven2/com/mysql/mysql-connector-j/8.1.0/mysql-connector-j-8.1.0.jar
2025-04-29 16:19:07,612 [BasicRepositoryConnector-repo.maven.apache.org-1-2] INFO  o.e.m.c.i.e.AbstractTransferListenerAdapter - Downloading https://repo.maven.apache.org/maven2/com/google/protobuf/protobuf-java/3.21.9/protobuf-java-3.21.9.jar
2025-04-29 16:19:07,644 [BasicRepositoryConnector-repo.maven.apache.org-1-0] INFO  o.e.m.c.i.e.AbstractTransferListenerAdapter - Downloaded https://repo.maven.apache.org/maven2/org/springframework/spring-tx/7.0.0-M4/spring-tx-7.0.0-M4.jar
2025-04-29 16:19:07,977 [BasicRepositoryConnector-repo.maven.apache.org-1-2] INFO  o.e.m.c.i.e.AbstractTransferListenerAdapter - Downloaded https://repo.maven.apache.org/maven2/com/google/protobuf/protobuf-java/3.21.9/protobuf-java-3.21.9.jar
2025-04-29 16:19:08,040 [BasicRepositoryConnector-repo.maven.apache.org-1-1] INFO  o.e.m.c.i.e.AbstractTransferListenerAdapter - Downloaded https://repo.maven.apache.org/maven2/com/mysql/mysql-connector-j/8.1.0/mysql-connector-j-8.1.0.jar
2025-04-29 16:19:08,191 [Worker-126: Building] INFO  o.a.m.s.f.DefaultMavenResourcesFiltering - skip non existing resourceDirectory E:\Git_Demo\Spring\SpringjdbcCrudOperation\src\main\resources
2025-04-29 16:19:08,197 [Worker-126: Building] INFO  o.a.m.s.f.DefaultMavenResourcesFiltering - skip non existing resourceDirectory E:\Git_Demo\Spring\SpringjdbcCrudOperation\src\test\resources
2025-04-29 16:19:09,260 [Worker-129: Download sources and javadoc] INFO  o.e.m.c.i.e.AbstractTransferListenerAdapter - Downloading https://repo.maven.apache.org/maven2/org/springframework/spring-jdbc/7.0.0-M4/spring-jdbc-7.0.0-M4-sources.jar
2025-04-29 16:19:09,405 [Worker-129: Download sources and javadoc] INFO  o.e.m.c.i.e.AbstractTransferListenerAdapter - Downloaded https://repo.maven.apache.org/maven2/org/springframework/spring-jdbc/7.0.0-M4/spring-jdbc-7.0.0-M4-sources.jar
2025-04-29 16:19:09,412 [Worker-129: Download sources and javadoc] INFO  o.e.m.j.internal.DownloadSourcesJob - Downloaded sources for org.springframework:spring-jdbc:7.0.0-M4
2025-04-29 16:19:09,564 [Worker-124: Building] INFO  o.a.m.s.f.DefaultMavenResourcesFiltering - skip non existing resourceDirectory E:\Git_Demo\Spring\SpringjdbcCrudOperation\src\main\resources
2025-04-29 16:19:09,573 [Worker-124: Building] INFO  o.a.m.s.f.DefaultMavenResourcesFiltering - skip non existing resourceDirectory E:\Git_Demo\Spring\SpringjdbcCrudOperation\src\test\resources
2025-04-29 16:19:10,266 [Worker-129: Download sources and javadoc] INFO  o.e.m.c.i.e.AbstractTransferListenerAdapter - Downloading https://repo.maven.apache.org/maven2/org/springframework/spring-jdbc/7.0.0-M4/spring-jdbc-7.0.0-M4-javadoc.jar
2025-04-29 16:19:11,769 [Worker-129: Download sources and javadoc] INFO  o.e.m.c.i.e.AbstractTransferListenerAdapter - Downloaded https://repo.maven.apache.org/maven2/org/springframework/spring-jdbc/7.0.0-M4/spring-jdbc-7.0.0-M4-javadoc.jar
2025-04-29 16:19:11,775 [Worker-129: Download sources and javadoc] INFO  o.e.m.j.internal.DownloadSourcesJob - Downloaded javadoc for org.springframework:spring-jdbc:7.0.0-M4
2025-04-29 16:19:11,833 [Worker-129: Download sources and javadoc] INFO  o.e.m.c.i.e.AbstractTransferListenerAdapter - Downloading https://repo.maven.apache.org/maven2/org/springframework/spring-tx/7.0.0-M4/spring-tx-7.0.0-M4-sources.jar
2025-04-29 16:19:11,977 [Worker-129: Download sources and javadoc] INFO  o.e.m.c.i.e.AbstractTransferListenerAdapter - Downloaded https://repo.maven.apache.org/maven2/org/springframework/spring-tx/7.0.0-M4/spring-tx-7.0.0-M4-sources.jar
2025-04-29 16:19:11,985 [Worker-129: Download sources and javadoc] INFO  o.e.m.j.internal.DownloadSourcesJob - Downloaded sources for org.springframework:spring-tx:7.0.0-M4
2025-04-29 16:19:12,884 [Worker-129: Download sources and javadoc] INFO  o.e.m.c.i.e.AbstractTransferListenerAdapter - Downloading https://repo.maven.apache.org/maven2/org/springframework/spring-tx/7.0.0-M4/spring-tx-7.0.0-M4-javadoc.jar
2025-04-29 16:19:13,382 [Worker-129: Download sources and javadoc] INFO  o.e.m.c.i.e.AbstractTransferListenerAdapter - Downloaded https://repo.maven.apache.org/maven2/org/springframework/spring-tx/7.0.0-M4/spring-tx-7.0.0-M4-javadoc.jar
2025-04-29 16:19:13,401 [Worker-129: Download sources and javadoc] INFO  o.e.m.j.internal.DownloadSourcesJob - Downloaded javadoc for org.springframework:spring-tx:7.0.0-M4
2025-04-29 16:19:13,443 [Worker-129: Download sources and javadoc] INFO  o.e.m.c.i.e.AbstractTransferListenerAdapter - Downloading https://repo.maven.apache.org/maven2/com/mysql/mysql-connector-j/8.1.0/mysql-connector-j-8.1.0-sources.jar
2025-04-29 16:19:13,651 [Worker-129: Download sources and javadoc] INFO  o.e.m.c.i.e.AbstractTransferListenerAdapter - Downloaded https://repo.maven.apache.org/maven2/com/mysql/mysql-connector-j/8.1.0/mysql-connector-j-8.1.0-sources.jar
2025-04-29 16:19:13,656 [Worker-129: Download sources and javadoc] INFO  o.e.m.j.internal.DownloadSourcesJob - Downloaded sources for com.mysql:mysql-connector-j:8.1.0
2025-04-29 16:19:13,673 [Worker-129: Download sources and javadoc] INFO  o.e.m.c.i.e.AbstractTransferListenerAdapter - Downloading https://repo.maven.apache.org/maven2/com/mysql/mysql-connector-j/8.1.0/mysql-connector-j-8.1.0-javadoc.jar
2025-04-29 16:19:13,791 [Worker-129: Download sources and javadoc] INFO  o.e.m.c.i.e.AbstractTransferListenerAdapter - Downloaded https://repo.maven.apache.org/maven2/com/mysql/mysql-connector-j/8.1.0/mysql-connector-j-8.1.0-javadoc.jar
2025-04-29 16:19:13,799 [Worker-129: Download sources and javadoc] INFO  o.e.m.j.internal.DownloadSourcesJob - Downloaded javadoc for com.mysql:mysql-connector-j:8.1.0
2025-04-29 16:19:13,855 [Worker-129: Download sources and javadoc] INFO  o.e.m.c.i.e.AbstractTransferListenerAdapter - Downloading https://repo.maven.apache.org/maven2/com/google/protobuf/protobuf-java/3.21.9/protobuf-java-3.21.9-sources.jar
2025-04-29 16:19:13,993 [Worker-129: Download sources and javadoc] INFO  o.e.m.c.i.e.AbstractTransferListenerAdapter - Downloaded https://repo.maven.apache.org/maven2/com/google/protobuf/protobuf-java/3.21.9/protobuf-java-3.21.9-sources.jar
2025-04-29 16:19:14,004 [Worker-129: Download sources and javadoc] INFO  o.e.m.j.internal.DownloadSourcesJob - Downloaded sources for com.google.protobuf:protobuf-java:3.21.9
2025-04-29 16:19:14,022 [Worker-129: Download sources and javadoc] INFO  o.e.m.c.i.e.AbstractTransferListenerAdapter - Downloading https://repo.maven.apache.org/maven2/com/google/protobuf/protobuf-java/3.21.9/protobuf-java-3.21.9-javadoc.jar
2025-04-29 16:19:14,317 [Worker-129: Download sources and javadoc] INFO  o.e.m.c.i.e.AbstractTransferListenerAdapter - Downloaded https://repo.maven.apache.org/maven2/com/google/protobuf/protobuf-java/3.21.9/protobuf-java-3.21.9-javadoc.jar
2025-04-29 16:19:14,325 [Worker-129: Download sources and javadoc] INFO  o.e.m.j.internal.DownloadSourcesJob - Downloaded javadoc for com.google.protobuf:protobuf-java:3.21.9
2025-04-29 16:21:20,077 [Worker-126: Building] INFO  o.a.m.s.f.DefaultMavenResourcesFiltering - skip non existing resourceDirectory E:\Git_Demo\Spring\SpringjdbcCrudOperation\src\main\resources
2025-04-29 16:21:20,083 [Worker-126: Building] INFO  o.a.m.s.f.DefaultMavenResourcesFiltering - skip non existing resourceDirectory E:\Git_Demo\Spring\SpringjdbcCrudOperation\src\test\resources
2025-04-29 17:15:29,485 [Worker-143: Building] INFO  o.a.m.s.f.DefaultMavenResourcesFiltering - skip non existing resourceDirectory E:\Git_Demo\Spring\SpringjdbcCrudOperation\src\main\resources
2025-04-29 17:15:29,489 [Worker-143: Building] INFO  o.a.m.s.f.DefaultMavenResourcesFiltering - skip non existing resourceDirectory E:\Git_Demo\Spring\SpringjdbcCrudOperation\src\test\resources
2025-04-29 17:17:14,930 [Worker-146: Building] INFO  o.a.m.s.f.DefaultMavenResourcesFiltering - skip non existing resourceDirectory E:\Git_Demo\Spring\SpringjdbcCrudOperation\src\main\resources
2025-04-29 17:17:14,932 [Worker-146: Building] INFO  o.a.m.s.f.DefaultMavenResourcesFiltering - skip non existing resourceDirectory E:\Git_Demo\Spring\SpringjdbcCrudOperation\src\test\resources
2025-04-29 17:21:34,011 [Worker-145: Building] INFO  o.a.m.s.f.DefaultMavenResourcesFiltering - skip non existing resourceDirectory E:\Git_Demo\Spring\SpringjdbcCrudOperation\src\main\resources
2025-04-29 17:21:34,014 [Worker-145: Building] INFO  o.a.m.s.f.DefaultMavenResourcesFiltering - skip non existing resourceDirectory E:\Git_Demo\Spring\SpringjdbcCrudOperation\src\test\resources
2025-04-29 17:31:59,663 [Worker-145: Building] INFO  o.a.m.s.f.DefaultMavenResourcesFiltering - skip non existing resourceDirectory E:\Git_Demo\Spring\SpringjdbcCrudOperation\src\main\resources
2025-04-29 17:31:59,665 [Worker-145: Building] INFO  o.a.m.s.f.DefaultMavenResourcesFiltering - skip non existing resourceDirectory E:\Git_Demo\Spring\SpringjdbcCrudOperation\src\test\resources
2025-04-29 17:42:18,863 [Worker-157: Building] INFO  o.a.m.s.f.DefaultMavenResourcesFiltering - skip non existing resourceDirectory E:\Git_Demo\Spring\SpringjdbcCrudOperation\src\main\resources
2025-04-29 17:42:18,864 [Worker-157: Building] INFO  o.a.m.s.f.DefaultMavenResourcesFiltering - skip non existing resourceDirectory E:\Git_Demo\Spring\SpringjdbcCrudOperation\src\test\resources
2025-04-29 18:22:13,358 [Stop Help Server] INFO  org.eclipse.jetty.server.Server - Stopped oejs.Server@2ae27c7f{STOPPING}[12.0.16,sto=0]
2025-04-29 18:22:13,363 [Stop Help Server] INFO  o.e.jetty.server.AbstractConnector - Stopped ServerConnector@2c25706f{HTTP/1.1, (http/1.1)}{127.0.0.1:0}
2025-04-30 11:38:10,936 [Worker-1: Loading available Gradle versions] INFO  o.e.b.c.i.u.g.PublishedGradleVersions - Gradle version information cache is out-of-date. Trying to update.
2025-04-30 11:38:23,391 [Worker-8: Updating Maven Dependencies] INFO  o.e.m.c.i.l.LifecycleMappingFactory - Using org.eclipse.m2e.jdt.JarLifecycleMapping lifecycle mapping for MavenProject: in.smartprogramming:MavenFirstProject:0.0.1-SNAPSHOT @ E:\Git_Demo\Spring\MavenFirstProject\pom.xml.
2025-04-30 11:38:25,419 [Worker-8: Updating Maven Dependencies] INFO  o.e.m.c.i.l.LifecycleMappingFactory - Using org.eclipse.m2e.jdt.JarLifecycleMapping lifecycle mapping for MavenProject: in.smartprogramming:SpringjdbcCrudOperation:0.0.1-SNAPSHOT @ E:\Git_Demo\Spring\SpringjdbcCrudOperation\pom.xml.
2025-05-02 11:23:34,313 [Worker-2: Loading available Gradle versions] INFO  o.e.b.c.i.u.g.PublishedGradleVersions - Gradle version information cache is out-of-date. Trying to update.
2025-05-02 11:23:43,172 [Worker-8: Updating Maven Dependencies] INFO  o.e.m.c.i.l.LifecycleMappingFactory - Using org.eclipse.m2e.jdt.JarLifecycleMapping lifecycle mapping for MavenProject: in.smartprogramming:MavenFirstProject:0.0.1-SNAPSHOT @ E:\Git_Demo\Spring\MavenFirstProject\pom.xml.
2025-05-02 11:23:43,748 [Worker-8: Updating Maven Dependencies] INFO  o.e.m.c.i.l.LifecycleMappingFactory - Using org.eclipse.m2e.jdt.JarLifecycleMapping lifecycle mapping for MavenProject: in.smartprogramming:SpringjdbcCrudOperation:0.0.1-SNAPSHOT @ E:\Git_Demo\Spring\SpringjdbcCrudOperation\pom.xml.
2025-05-02 11:35:12,654 [Start Help Server] INFO  org.eclipse.jetty.server.Server - jetty-12.0.16; built: 2024-12-09T21:02:54.535Z; git: c3f88bafb4e393f23204dc14dc57b042e84debc7; jvm 21.0.6+7-LTS
2025-05-02 11:35:12,775 [Start Help Server] INFO  o.e.j.server.handler.ContextHandler - Started oeje8n.ContextHandler$CoreContextHandler@328236f6{/help,/help,b=null,a=AVAILABLE,h=oeje8n.ContextHandler$CoreContextHandler$CoreToNestedHandler@32060b14{STARTED}}
2025-05-02 11:35:13,020 [Start Help Server] INFO  o.e.j.s.DefaultSessionIdManager - Session workerName=node0
2025-05-02 11:35:13,066 [Start Help Server] INFO  o.e.jetty.server.AbstractConnector - Started ServerConnector@38e84609{HTTP/1.1, (http/1.1)}{127.0.0.1:50992}
2025-05-02 11:35:13,126 [Start Help Server] INFO  org.eclipse.jetty.server.Server - Started oejs.Server@4eef562d{STARTING}[12.0.16,sto=0] @717877ms
2025-05-02 12:14:19,886 [Worker-40: Building] INFO  o.a.m.s.f.DefaultMavenResourcesFiltering - skip non existing resourceDirectory E:\Git_Demo\Spring\SpringjdbcCrudOperation\src\main\resources
2025-05-02 12:14:19,896 [Worker-40: Building] INFO  o.a.m.s.f.DefaultMavenResourcesFiltering - skip non existing resourceDirectory E:\Git_Demo\Spring\SpringjdbcCrudOperation\src\test\resources
2025-05-02 12:15:57,029 [Worker-39: Building] INFO  o.a.m.s.f.DefaultMavenResourcesFiltering - skip non existing resourceDirectory E:\Git_Demo\Spring\SpringjdbcCrudOperation\src\main\resources
2025-05-02 12:15:57,035 [Worker-39: Building] INFO  o.a.m.s.f.DefaultMavenResourcesFiltering - skip non existing resourceDirectory E:\Git_Demo\Spring\SpringjdbcCrudOperation\src\test\resources
2025-05-02 12:25:13,258 [Worker-45: Building] INFO  o.a.m.s.f.DefaultMavenResourcesFiltering - skip non existing resourceDirectory E:\Git_Demo\Spring\SpringjdbcCrudOperation\src\main\resources
2025-05-02 12:25:13,264 [Worker-45: Building] INFO  o.a.m.s.f.DefaultMavenResourcesFiltering - skip non existing resourceDirectory E:\Git_Demo\Spring\SpringjdbcCrudOperation\src\test\resources
2025-05-02 12:32:57,312 [Worker-48: Building] INFO  o.a.m.s.f.DefaultMavenResourcesFiltering - skip non existing resourceDirectory E:\Git_Demo\Spring\SpringjdbcCrudOperation\src\main\resources
2025-05-02 12:32:57,320 [Worker-48: Building] INFO  o.a.m.s.f.DefaultMavenResourcesFiltering - skip non existing resourceDirectory E:\Git_Demo\Spring\SpringjdbcCrudOperation\src\test\resources
2025-05-02 12:33:57,763 [Worker-47: Building] INFO  o.a.m.s.f.DefaultMavenResourcesFiltering - skip non existing resourceDirectory E:\Git_Demo\Spring\SpringjdbcCrudOperation\src\main\resources
2025-05-02 12:33:57,767 [Worker-47: Building] INFO  o.a.m.s.f.DefaultMavenResourcesFiltering - skip non existing resourceDirectory E:\Git_Demo\Spring\SpringjdbcCrudOperation\src\test\resources
2025-05-02 12:36:55,752 [Worker-48: Building] INFO  o.a.m.s.f.DefaultMavenResourcesFiltering - skip non existing resourceDirectory E:\Git_Demo\Spring\SpringjdbcCrudOperation\src\main\resources
2025-05-02 12:36:55,754 [Worker-48: Building] INFO  o.a.m.s.f.DefaultMavenResourcesFiltering - skip non existing resourceDirectory E:\Git_Demo\Spring\SpringjdbcCrudOperation\src\test\resources
2025-05-02 12:54:28,999 [Worker-52: Launching mavenrun-72b978f9-ed76-4c8c-af72-3c908de38da9] INFO  o.eclipse.m2e.core.internal.Bundles - getClasspathEntries(Bundle=org.eclipse.m2e.maven.runtime_3.9.900.20250220-2013 [638])
2025-05-02 12:54:29,003 [Worker-52: Launching mavenrun-72b978f9-ed76-4c8c-af72-3c908de38da9] INFO  o.eclipse.m2e.core.internal.Bundles - 	Entry: C:\Program Files\eclipse\plugins\org.eclipse.m2e.maven.runtime_3.9.900.20250220-2013
2025-05-02 12:54:29,004 [Worker-52: Launching mavenrun-72b978f9-ed76-4c8c-af72-3c908de38da9] INFO  o.eclipse.m2e.core.internal.Bundles - 	Entry: C:\Program Files\eclipse\plugins\org.eclipse.m2e.maven.runtime_3.9.900.20250220-2013\jars\aopalliance-1.0.jar
2025-05-02 12:54:29,004 [Worker-52: Launching mavenrun-72b978f9-ed76-4c8c-af72-3c908de38da9] INFO  o.eclipse.m2e.core.internal.Bundles - 	Entry: C:\Program Files\eclipse\plugins\org.eclipse.m2e.maven.runtime_3.9.900.20250220-2013\jars\guice-5.1.0.jar
2025-05-02 12:54:29,004 [Worker-52: Launching mavenrun-72b978f9-ed76-4c8c-af72-3c908de38da9] INFO  o.eclipse.m2e.core.internal.Bundles - 	Entry: C:\Program Files\eclipse\plugins\org.eclipse.m2e.maven.runtime_3.9.900.20250220-2013\jars\httpclient-4.5.14.jar
2025-05-02 12:54:29,005 [Worker-52: Launching mavenrun-72b978f9-ed76-4c8c-af72-3c908de38da9] INFO  o.eclipse.m2e.core.internal.Bundles - 	Entry: C:\Program Files\eclipse\plugins\org.eclipse.m2e.maven.runtime_3.9.900.20250220-2013\jars\httpcore-4.4.16.jar
2025-05-02 12:54:29,005 [Worker-52: Launching mavenrun-72b978f9-ed76-4c8c-af72-3c908de38da9] INFO  o.eclipse.m2e.core.internal.Bundles - 	Entry: C:\Program Files\eclipse\plugins\org.eclipse.m2e.maven.runtime_3.9.900.20250220-2013\jars\jansi-2.4.1.jar
2025-05-02 12:54:29,005 [Worker-52: Launching mavenrun-72b978f9-ed76-4c8c-af72-3c908de38da9] INFO  o.eclipse.m2e.core.internal.Bundles - 	Entry: C:\Program Files\eclipse\plugins\org.eclipse.m2e.maven.runtime_3.9.900.20250220-2013\jars\jcl-over-slf4j-1.7.36.jar
2025-05-02 12:54:29,005 [Worker-52: Launching mavenrun-72b978f9-ed76-4c8c-af72-3c908de38da9] INFO  o.eclipse.m2e.core.internal.Bundles - 	Entry: C:\Program Files\eclipse\plugins\org.eclipse.m2e.maven.runtime_3.9.900.20250220-2013\jars\maven-artifact-3.9.9.jar
2025-05-02 12:54:29,005 [Worker-52: Launching mavenrun-72b978f9-ed76-4c8c-af72-3c908de38da9] INFO  o.eclipse.m2e.core.internal.Bundles - 	Entry: C:\Program Files\eclipse\plugins\org.eclipse.m2e.maven.runtime_3.9.900.20250220-2013\jars\maven-builder-support-3.9.9.jar
2025-05-02 12:54:29,005 [Worker-52: Launching mavenrun-72b978f9-ed76-4c8c-af72-3c908de38da9] INFO  o.eclipse.m2e.core.internal.Bundles - 	Entry: C:\Program Files\eclipse\plugins\org.eclipse.m2e.maven.runtime_3.9.900.20250220-2013\jars\maven-compat-3.9.9.jar
2025-05-02 12:54:29,005 [Worker-52: Launching mavenrun-72b978f9-ed76-4c8c-af72-3c908de38da9] INFO  o.eclipse.m2e.core.internal.Bundles - 	Entry: C:\Program Files\eclipse\plugins\org.eclipse.m2e.maven.runtime_3.9.900.20250220-2013\jars\maven-core-3.9.9.jar
2025-05-02 12:54:29,005 [Worker-52: Launching mavenrun-72b978f9-ed76-4c8c-af72-3c908de38da9] INFO  o.eclipse.m2e.core.internal.Bundles - 	Entry: C:\Program Files\eclipse\plugins\org.eclipse.m2e.maven.runtime_3.9.900.20250220-2013\jars\maven-embedder-3.9.9.jar
2025-05-02 12:54:29,005 [Worker-52: Launching mavenrun-72b978f9-ed76-4c8c-af72-3c908de38da9] INFO  o.eclipse.m2e.core.internal.Bundles - 	Entry: C:\Program Files\eclipse\plugins\org.eclipse.m2e.maven.runtime_3.9.900.20250220-2013\jars\maven-model-3.9.9.jar
2025-05-02 12:54:29,006 [Worker-52: Launching mavenrun-72b978f9-ed76-4c8c-af72-3c908de38da9] INFO  o.eclipse.m2e.core.internal.Bundles - 	Entry: C:\Program Files\eclipse\plugins\org.eclipse.m2e.maven.runtime_3.9.900.20250220-2013\jars\maven-model-builder-3.9.9.jar
2025-05-02 12:54:29,006 [Worker-52: Launching mavenrun-72b978f9-ed76-4c8c-af72-3c908de38da9] INFO  o.eclipse.m2e.core.internal.Bundles - 	Entry: C:\Program Files\eclipse\plugins\org.eclipse.m2e.maven.runtime_3.9.900.20250220-2013\jars\maven-plugin-api-3.9.9.jar
2025-05-02 12:54:29,006 [Worker-52: Launching mavenrun-72b978f9-ed76-4c8c-af72-3c908de38da9] INFO  o.eclipse.m2e.core.internal.Bundles - 	Entry: C:\Program Files\eclipse\plugins\org.eclipse.m2e.maven.runtime_3.9.900.20250220-2013\jars\maven-repository-metadata-3.9.9.jar
2025-05-02 12:54:29,006 [Worker-52: Launching mavenrun-72b978f9-ed76-4c8c-af72-3c908de38da9] INFO  o.eclipse.m2e.core.internal.Bundles - 	Entry: C:\Program Files\eclipse\plugins\org.eclipse.m2e.maven.runtime_3.9.900.20250220-2013\jars\maven-resolver-api-1.9.22.jar
2025-05-02 12:54:29,006 [Worker-52: Launching mavenrun-72b978f9-ed76-4c8c-af72-3c908de38da9] INFO  o.eclipse.m2e.core.internal.Bundles - 	Entry: C:\Program Files\eclipse\plugins\org.eclipse.m2e.maven.runtime_3.9.900.20250220-2013\jars\maven-resolver-connector-basic-1.9.22.jar
2025-05-02 12:54:29,006 [Worker-52: Launching mavenrun-72b978f9-ed76-4c8c-af72-3c908de38da9] INFO  o.eclipse.m2e.core.internal.Bundles - 	Entry: C:\Program Files\eclipse\plugins\org.eclipse.m2e.maven.runtime_3.9.900.20250220-2013\jars\maven-resolver-impl-1.9.22.jar
2025-05-02 12:54:29,006 [Worker-52: Launching mavenrun-72b978f9-ed76-4c8c-af72-3c908de38da9] INFO  o.eclipse.m2e.core.internal.Bundles - 	Entry: C:\Program Files\eclipse\plugins\org.eclipse.m2e.maven.runtime_3.9.900.20250220-2013\jars\maven-resolver-named-locks-1.9.22.jar
2025-05-02 12:54:29,006 [Worker-52: Launching mavenrun-72b978f9-ed76-4c8c-af72-3c908de38da9] INFO  o.eclipse.m2e.core.internal.Bundles - 	Entry: C:\Program Files\eclipse\plugins\org.eclipse.m2e.maven.runtime_3.9.900.20250220-2013\jars\maven-resolver-provider-3.9.9.jar
2025-05-02 12:54:29,006 [Worker-52: Launching mavenrun-72b978f9-ed76-4c8c-af72-3c908de38da9] INFO  o.eclipse.m2e.core.internal.Bundles - 	Entry: C:\Program Files\eclipse\plugins\org.eclipse.m2e.maven.runtime_3.9.900.20250220-2013\jars\maven-resolver-spi-1.9.22.jar
2025-05-02 12:54:29,007 [Worker-52: Launching mavenrun-72b978f9-ed76-4c8c-af72-3c908de38da9] INFO  o.eclipse.m2e.core.internal.Bundles - 	Entry: C:\Program Files\eclipse\plugins\org.eclipse.m2e.maven.runtime_3.9.900.20250220-2013\jars\maven-resolver-transport-file-1.9.22.jar
2025-05-02 12:54:29,007 [Worker-52: Launching mavenrun-72b978f9-ed76-4c8c-af72-3c908de38da9] INFO  o.eclipse.m2e.core.internal.Bundles - 	Entry: C:\Program Files\eclipse\plugins\org.eclipse.m2e.maven.runtime_3.9.900.20250220-2013\jars\maven-resolver-transport-http-1.9.22.jar
2025-05-02 12:54:29,007 [Worker-52: Launching mavenrun-72b978f9-ed76-4c8c-af72-3c908de38da9] INFO  o.eclipse.m2e.core.internal.Bundles - 	Entry: C:\Program Files\eclipse\plugins\org.eclipse.m2e.maven.runtime_3.9.900.20250220-2013\jars\maven-resolver-transport-wagon-1.9.22.jar
2025-05-02 12:54:29,007 [Worker-52: Launching mavenrun-72b978f9-ed76-4c8c-af72-3c908de38da9] INFO  o.eclipse.m2e.core.internal.Bundles - 	Entry: C:\Program Files\eclipse\plugins\org.eclipse.m2e.maven.runtime_3.9.900.20250220-2013\jars\maven-resolver-util-1.9.22.jar
2025-05-02 12:54:29,007 [Worker-52: Launching mavenrun-72b978f9-ed76-4c8c-af72-3c908de38da9] INFO  o.eclipse.m2e.core.internal.Bundles - 	Entry: C:\Program Files\eclipse\plugins\org.eclipse.m2e.maven.runtime_3.9.900.20250220-2013\jars\maven-settings-3.9.9.jar
2025-05-02 12:54:29,007 [Worker-52: Launching mavenrun-72b978f9-ed76-4c8c-af72-3c908de38da9] INFO  o.eclipse.m2e.core.internal.Bundles - 	Entry: C:\Program Files\eclipse\plugins\org.eclipse.m2e.maven.runtime_3.9.900.20250220-2013\jars\maven-settings-builder-3.9.9.jar
2025-05-02 12:54:29,007 [Worker-52: Launching mavenrun-72b978f9-ed76-4c8c-af72-3c908de38da9] INFO  o.eclipse.m2e.core.internal.Bundles - 	Entry: C:\Program Files\eclipse\plugins\org.eclipse.m2e.maven.runtime_3.9.900.20250220-2013\jars\maven-shared-utils-3.4.2.jar
2025-05-02 12:54:29,007 [Worker-52: Launching mavenrun-72b978f9-ed76-4c8c-af72-3c908de38da9] INFO  o.eclipse.m2e.core.internal.Bundles - 	Entry: C:\Program Files\eclipse\plugins\org.eclipse.m2e.maven.runtime_3.9.900.20250220-2013\jars\org.eclipse.sisu.inject-0.9.0.M3.jar
2025-05-02 12:54:29,007 [Worker-52: Launching mavenrun-72b978f9-ed76-4c8c-af72-3c908de38da9] INFO  o.eclipse.m2e.core.internal.Bundles - 	Entry: C:\Program Files\eclipse\plugins\org.eclipse.m2e.maven.runtime_3.9.900.20250220-2013\jars\org.eclipse.sisu.plexus-0.9.0.M3.jar
2025-05-02 12:54:29,007 [Worker-52: Launching mavenrun-72b978f9-ed76-4c8c-af72-3c908de38da9] INFO  o.eclipse.m2e.core.internal.Bundles - 	Entry: C:\Program Files\eclipse\plugins\org.eclipse.m2e.maven.runtime_3.9.900.20250220-2013\jars\plexus-build-api-0.0.7.jar
2025-05-02 12:54:29,008 [Worker-52: Launching mavenrun-72b978f9-ed76-4c8c-af72-3c908de38da9] INFO  o.eclipse.m2e.core.internal.Bundles - 	Entry: C:\Program Files\eclipse\plugins\org.eclipse.m2e.maven.runtime_3.9.900.20250220-2013\jars\plexus-build-api-1.2.0.jar
2025-05-02 12:54:29,008 [Worker-52: Launching mavenrun-72b978f9-ed76-4c8c-af72-3c908de38da9] INFO  o.eclipse.m2e.core.internal.Bundles - 	Entry: C:\Program Files\eclipse\plugins\org.eclipse.m2e.maven.runtime_3.9.900.20250220-2013\jars\plexus-cipher-2.0.jar
2025-05-02 12:54:29,008 [Worker-52: Launching mavenrun-72b978f9-ed76-4c8c-af72-3c908de38da9] INFO  o.eclipse.m2e.core.internal.Bundles - 	Entry: C:\Program Files\eclipse\plugins\org.eclipse.m2e.maven.runtime_3.9.900.20250220-2013\jars\plexus-classworlds-2.8.0.jar
2025-05-02 12:54:29,008 [Worker-52: Launching mavenrun-72b978f9-ed76-4c8c-af72-3c908de38da9] INFO  o.eclipse.m2e.core.internal.Bundles - 	Entry: C:\Program Files\eclipse\plugins\org.eclipse.m2e.maven.runtime_3.9.900.20250220-2013\jars\plexus-component-annotations-2.1.0.jar
2025-05-02 12:54:29,008 [Worker-52: Launching mavenrun-72b978f9-ed76-4c8c-af72-3c908de38da9] INFO  o.eclipse.m2e.core.internal.Bundles - 	Entry: C:\Program Files\eclipse\plugins\org.eclipse.m2e.maven.runtime_3.9.900.20250220-2013\jars\plexus-interpolation-1.27.jar
2025-05-02 12:54:29,008 [Worker-52: Launching mavenrun-72b978f9-ed76-4c8c-af72-3c908de38da9] INFO  o.eclipse.m2e.core.internal.Bundles - 	Entry: C:\Program Files\eclipse\plugins\org.eclipse.m2e.maven.runtime_3.9.900.20250220-2013\jars\plexus-sec-dispatcher-2.0.jar
2025-05-02 12:54:29,008 [Worker-52: Launching mavenrun-72b978f9-ed76-4c8c-af72-3c908de38da9] INFO  o.eclipse.m2e.core.internal.Bundles - 	Entry: C:\Program Files\eclipse\plugins\org.eclipse.m2e.maven.runtime_3.9.900.20250220-2013\jars\plexus-utils-3.5.1.jar
2025-05-02 12:54:29,008 [Worker-52: Launching mavenrun-72b978f9-ed76-4c8c-af72-3c908de38da9] INFO  o.eclipse.m2e.core.internal.Bundles - 	Entry: C:\Program Files\eclipse\plugins\org.eclipse.m2e.maven.runtime_3.9.900.20250220-2013\jars\plexus-xml-3.0.1.jar
2025-05-02 12:54:29,008 [Worker-52: Launching mavenrun-72b978f9-ed76-4c8c-af72-3c908de38da9] INFO  o.eclipse.m2e.core.internal.Bundles - 	Entry: C:\Program Files\eclipse\plugins\org.eclipse.m2e.maven.runtime_3.9.900.20250220-2013\jars\wagon-file-3.5.3.jar
2025-05-02 12:54:29,008 [Worker-52: Launching mavenrun-72b978f9-ed76-4c8c-af72-3c908de38da9] INFO  o.eclipse.m2e.core.internal.Bundles - 	Entry: C:\Program Files\eclipse\plugins\org.eclipse.m2e.maven.runtime_3.9.900.20250220-2013\jars\wagon-http-3.5.3.jar
2025-05-02 12:54:29,009 [Worker-52: Launching mavenrun-72b978f9-ed76-4c8c-af72-3c908de38da9] INFO  o.eclipse.m2e.core.internal.Bundles - 	Entry: C:\Program Files\eclipse\plugins\org.eclipse.m2e.maven.runtime_3.9.900.20250220-2013\jars\wagon-http-shared-3.5.3.jar
2025-05-02 12:54:29,009 [Worker-52: Launching mavenrun-72b978f9-ed76-4c8c-af72-3c908de38da9] INFO  o.eclipse.m2e.core.internal.Bundles - 	Entry: C:\Program Files\eclipse\plugins\org.eclipse.m2e.maven.runtime_3.9.900.20250220-2013\jars\wagon-provider-api-3.5.3.jar
2025-05-02 12:54:29,010 [Worker-52: Launching mavenrun-72b978f9-ed76-4c8c-af72-3c908de38da9] INFO  o.eclipse.m2e.core.internal.Bundles - getClasspathEntries(Bundle=com.google.guava_33.4.0.jre [16])
2025-05-02 12:54:29,011 [Worker-52: Launching mavenrun-72b978f9-ed76-4c8c-af72-3c908de38da9] INFO  o.eclipse.m2e.core.internal.Bundles - 	Entry: C:\Program Files\eclipse\plugins\com.google.guava_33.4.0.jre.jar
2025-05-02 12:54:29,011 [Worker-52: Launching mavenrun-72b978f9-ed76-4c8c-af72-3c908de38da9] INFO  o.eclipse.m2e.core.internal.Bundles - getClasspathEntries(Bundle=slf4j.api_2.0.16 [1005])
2025-05-02 12:54:29,011 [Worker-52: Launching mavenrun-72b978f9-ed76-4c8c-af72-3c908de38da9] INFO  o.eclipse.m2e.core.internal.Bundles - 	Entry: C:\Program Files\eclipse\plugins\slf4j.api_2.0.16.jar
2025-05-02 12:54:29,011 [Worker-52: Launching mavenrun-72b978f9-ed76-4c8c-af72-3c908de38da9] INFO  o.eclipse.m2e.core.internal.Bundles - getClasspathEntries(Bundle=jakarta.inject.jakarta.inject-api_1.0.5 [34])
2025-05-02 12:54:29,011 [Worker-52: Launching mavenrun-72b978f9-ed76-4c8c-af72-3c908de38da9] INFO  o.eclipse.m2e.core.internal.Bundles - 	Entry: C:\Program Files\eclipse\plugins\jakarta.inject.jakarta.inject-api_1.0.5.jar
2025-05-02 12:54:29,012 [Worker-52: Launching mavenrun-72b978f9-ed76-4c8c-af72-3c908de38da9] INFO  o.eclipse.m2e.core.internal.Bundles - getClasspathEntries(Bundle=jakarta.annotation-api_1.3.5 [29])
2025-05-02 12:54:29,012 [Worker-52: Launching mavenrun-72b978f9-ed76-4c8c-af72-3c908de38da9] INFO  o.eclipse.m2e.core.internal.Bundles - 	Entry: C:\Program Files\eclipse\plugins\jakarta.annotation-api_1.3.5.jar
2025-05-02 12:54:29,012 [Worker-52: Launching mavenrun-72b978f9-ed76-4c8c-af72-3c908de38da9] INFO  o.eclipse.m2e.core.internal.Bundles - getClasspathEntries(Bundle=org.apache.commons.cli_1.9.0 [74])
2025-05-02 12:54:29,013 [Worker-52: Launching mavenrun-72b978f9-ed76-4c8c-af72-3c908de38da9] INFO  o.eclipse.m2e.core.internal.Bundles - 	Entry: C:\Program Files\eclipse\plugins\org.apache.commons.cli_1.9.0.jar
2025-05-02 12:54:29,013 [Worker-52: Launching mavenrun-72b978f9-ed76-4c8c-af72-3c908de38da9] INFO  o.eclipse.m2e.core.internal.Bundles - getClasspathEntries(Bundle=org.apache.commons.commons-codec_1.16.0 [76])
2025-05-02 12:54:29,014 [Worker-52: Launching mavenrun-72b978f9-ed76-4c8c-af72-3c908de38da9] INFO  o.eclipse.m2e.core.internal.Bundles - 	Entry: C:\Program Files\eclipse\plugins\org.apache.commons.commons-codec_1.16.0.jar
2025-05-02 12:54:29,014 [Worker-52: Launching mavenrun-72b978f9-ed76-4c8c-af72-3c908de38da9] INFO  o.eclipse.m2e.core.internal.Bundles - getClasspathEntries(Bundle=com.google.guava.failureaccess_1.0.2 [17])
2025-05-02 12:54:29,014 [Worker-52: Launching mavenrun-72b978f9-ed76-4c8c-af72-3c908de38da9] INFO  o.eclipse.m2e.core.internal.Bundles - 	Entry: C:\Program Files\eclipse\plugins\com.google.guava.failureaccess_1.0.2.jar
2025-05-02 12:54:29,017 [Worker-52: Launching mavenrun-72b978f9-ed76-4c8c-af72-3c908de38da9] INFO  o.e.m.i.launch.MavenLaunchDelegate - Run build in "C:\Users\rohit\AppData\Local\Temp\m2e-archetypeGenerator12564229165230325852":
2025-05-02 12:54:29,018 [Worker-52: Launching mavenrun-72b978f9-ed76-4c8c-af72-3c908de38da9] INFO  o.e.m.i.launch.MavenLaunchDelegate -  mvn  -DarchetypeGroupId=org.apache.maven.archetypes -DarchetypeArtifactId=maven-archetype-quickstart -DarchetypeVersion=1.1 -DgroupId=in.smartprogramming -DartifactId=NamedParameterJdbcTemplateDemo -Dversion=0.0.1-SNAPSHOT -Dpackage=in.sp.main -DoutputDirectory=E:\Git_Demo\Spring -Dstyle.color=always -U archetype:generate
2025-05-02 12:54:38,331 [Worker-50: Creating maven-archetype-quickstart] INFO  o.e.m.c.i.p.ProjectConfigurationManager - Collecting project info '/pom.xml' E:\Git_Demo\Spring\NamedParameterJdbcTemplateDemo\pom.xml
2025-05-02 12:54:38,475 [Worker-50: Creating maven-archetype-quickstart] INFO  o.e.m.c.i.l.LifecycleMappingFactory - Using org.eclipse.m2e.jdt.JarLifecycleMapping lifecycle mapping for MavenProject: in.smartprogramming:NamedParameterJdbcTemplateDemo:0.0.1-SNAPSHOT @ E:\Git_Demo\Spring\NamedParameterJdbcTemplateDemo\pom.xml.
2025-05-02 12:54:38,961 [Worker-50: Creating maven-archetype-quickstart] INFO  o.e.m.j.i.AbstractJavaProjectConfigurator - Adding source folder /NamedParameterJdbcTemplateDemo/src/main/java
2025-05-02 12:54:38,964 [Worker-50: Creating maven-archetype-quickstart] INFO  o.e.m.j.i.AbstractJavaProjectConfigurator - Adding resource folder /NamedParameterJdbcTemplateDemo/src/main/resources
2025-05-02 12:54:39,003 [Worker-50: Creating maven-archetype-quickstart] INFO  o.e.m.j.i.AbstractJavaProjectConfigurator - Adding source folder /NamedParameterJdbcTemplateDemo/src/test/java
2025-05-02 12:54:39,005 [Worker-50: Creating maven-archetype-quickstart] INFO  o.e.m.j.i.AbstractJavaProjectConfigurator - Adding resource folder /NamedParameterJdbcTemplateDemo/src/test/resources
2025-05-02 12:54:39,174 [Worker-50: Creating maven-archetype-quickstart] INFO  o.e.m.c.i.p.ProjectConfigurationManager - Imported and configured 1 project(s) in 0 sec
2025-05-02 12:54:39,698 [Worker-53: Building] INFO  o.a.m.s.f.DefaultMavenResourcesFiltering - skip non existing resourceDirectory E:\Git_Demo\Spring\NamedParameterJdbcTemplateDemo\src\main\resources
2025-05-02 12:54:39,701 [Worker-53: Building] INFO  o.a.m.s.f.DefaultMavenResourcesFiltering - skip non existing resourceDirectory E:\Git_Demo\Spring\NamedParameterJdbcTemplateDemo\src\test\resources
2025-05-02 12:57:41,212 [Worker-56: Building] INFO  o.e.m.c.i.l.LifecycleMappingFactory - Using org.eclipse.m2e.jdt.JarLifecycleMapping lifecycle mapping for MavenProject: in.smartprogramming:NamedParameterJdbcTemplateDemo:0.0.1-SNAPSHOT @ E:\Git_Demo\Spring\NamedParameterJdbcTemplateDemo\pom.xml.
2025-05-02 12:57:41,404 [Worker-56: Building] INFO  o.a.m.s.f.DefaultMavenResourcesFiltering - skip non existing resourceDirectory E:\Git_Demo\Spring\NamedParameterJdbcTemplateDemo\src\main\resources
2025-05-02 12:57:41,406 [Worker-56: Building] INFO  o.a.m.s.f.DefaultMavenResourcesFiltering - skip non existing resourceDirectory E:\Git_Demo\Spring\NamedParameterJdbcTemplateDemo\src\test\resources
2025-05-02 12:57:42,606 [Worker-50: Building] INFO  o.a.m.s.f.DefaultMavenResourcesFiltering - skip non existing resourceDirectory E:\Git_Demo\Spring\NamedParameterJdbcTemplateDemo\src\main\resources
2025-05-02 12:57:42,608 [Worker-50: Building] INFO  o.a.m.s.f.DefaultMavenResourcesFiltering - skip non existing resourceDirectory E:\Git_Demo\Spring\NamedParameterJdbcTemplateDemo\src\test\resources
2025-05-02 12:58:19,662 [Worker-53: Building] INFO  o.a.m.s.f.DefaultMavenResourcesFiltering - skip non existing resourceDirectory E:\Git_Demo\Spring\NamedParameterJdbcTemplateDemo\src\main\resources
2025-05-02 12:58:19,666 [Worker-53: Building] INFO  o.a.m.s.f.DefaultMavenResourcesFiltering - skip non existing resourceDirectory E:\Git_Demo\Spring\NamedParameterJdbcTemplateDemo\src\test\resources
2025-05-02 15:14:24,622 [Worker-73: Building] INFO  o.a.m.s.f.DefaultMavenResourcesFiltering - skip non existing resourceDirectory E:\Git_Demo\Spring\NamedParameterJdbcTemplateDemo\src\main\resources
2025-05-02 15:14:24,636 [Worker-73: Building] INFO  o.a.m.s.f.DefaultMavenResourcesFiltering - skip non existing resourceDirectory E:\Git_Demo\Spring\NamedParameterJdbcTemplateDemo\src\test\resources
2025-05-02 15:14:58,428 [Worker-71: Building] INFO  o.a.m.s.f.DefaultMavenResourcesFiltering - skip non existing resourceDirectory E:\Git_Demo\Spring\NamedParameterJdbcTemplateDemo\src\main\resources
2025-05-02 15:14:58,430 [Worker-71: Building] INFO  o.a.m.s.f.DefaultMavenResourcesFiltering - skip non existing resourceDirectory E:\Git_Demo\Spring\NamedParameterJdbcTemplateDemo\src\test\resources
2025-05-02 15:49:56,823 [Worker-81: Building] INFO  o.a.m.s.f.DefaultMavenResourcesFiltering - skip non existing resourceDirectory E:\Git_Demo\Spring\NamedParameterJdbcTemplateDemo\src\main\resources
2025-05-02 15:49:56,828 [Worker-81: Building] INFO  o.a.m.s.f.DefaultMavenResourcesFiltering - skip non existing resourceDirectory E:\Git_Demo\Spring\NamedParameterJdbcTemplateDemo\src\test\resources
2025-05-02 15:51:59,441 [Worker-89: Building] INFO  o.a.m.s.f.DefaultMavenResourcesFiltering - skip non existing resourceDirectory E:\Git_Demo\Spring\NamedParameterJdbcTemplateDemo\src\main\resources
2025-05-02 15:51:59,444 [Worker-89: Building] INFO  o.a.m.s.f.DefaultMavenResourcesFiltering - skip non existing resourceDirectory E:\Git_Demo\Spring\NamedParameterJdbcTemplateDemo\src\test\resources
2025-05-02 17:37:59,286 [Stop Help Server] INFO  org.eclipse.jetty.server.Server - Stopped oejs.Server@4eef562d{STOPPING}[12.0.16,sto=0]
2025-05-02 17:37:59,315 [Stop Help Server] INFO  o.e.jetty.server.AbstractConnector - Stopped ServerConnector@38e84609{HTTP/1.1, (http/1.1)}{127.0.0.1:0}
2025-05-07 17:30:51,112 [Worker-6: Loading available Gradle versions] INFO  o.e.b.c.i.u.g.PublishedGradleVersions - Gradle version information cache is out-of-date. Trying to update.
2025-05-07 17:30:58,869 [Worker-5: Updating Maven Dependencies] INFO  o.e.m.c.i.l.LifecycleMappingFactory - Using org.eclipse.m2e.jdt.JarLifecycleMapping lifecycle mapping for MavenProject: in.smartprogramming:MavenFirstProject:0.0.1-SNAPSHOT @ E:\Git_Demo\Spring\MavenFirstProject\pom.xml.
2025-05-07 17:30:59,419 [Worker-5: Updating Maven Dependencies] INFO  o.e.m.c.i.l.LifecycleMappingFactory - Using org.eclipse.m2e.jdt.JarLifecycleMapping lifecycle mapping for MavenProject: in.smartprogramming:NamedParameterJdbcTemplateDemo:0.0.1-SNAPSHOT @ E:\Git_Demo\Spring\NamedParameterJdbcTemplateDemo\pom.xml.
2025-05-07 17:30:59,799 [Worker-5: Updating Maven Dependencies] INFO  o.e.m.c.i.l.LifecycleMappingFactory - Using org.eclipse.m2e.jdt.JarLifecycleMapping lifecycle mapping for MavenProject: in.smartprogramming:SpringjdbcCrudOperation:0.0.1-SNAPSHOT @ E:\Git_Demo\Spring\SpringjdbcCrudOperation\pom.xml.
2025-05-07 17:39:39,373 [Start Help Server] INFO  org.eclipse.jetty.server.Server - jetty-12.0.16; built: 2024-12-09T21:02:54.535Z; git: c3f88bafb4e393f23204dc14dc57b042e84debc7; jvm 21.0.6+7-LTS
2025-05-07 17:39:39,449 [Start Help Server] INFO  o.e.j.server.handler.ContextHandler - Started oeje8n.ContextHandler$CoreContextHandler@77f48961{/help,/help,b=null,a=AVAILABLE,h=oeje8n.ContextHandler$CoreContextHandler$CoreToNestedHandler@68d45086{STARTED}}
2025-05-07 17:39:39,450 [Start Help Server] INFO  o.e.j.s.DefaultSessionIdManager - Session workerName=node0
2025-05-07 17:39:39,487 [Start Help Server] INFO  o.e.jetty.server.AbstractConnector - Started ServerConnector@6d001d25{HTTP/1.1, (http/1.1)}{127.0.0.1:50407}
2025-05-07 17:39:39,531 [Start Help Server] INFO  org.eclipse.jetty.server.Server - Started oejs.Server@35423f58{STARTING}[12.0.16,sto=0] @653642ms
2025-05-07 18:34:57,388 [Stop Help Server] INFO  org.eclipse.jetty.server.Server - Stopped oejs.Server@35423f58{STOPPING}[12.0.16,sto=0]
2025-05-07 18:34:57,421 [Stop Help Server] INFO  o.e.jetty.server.AbstractConnector - Stopped ServerConnector@6d001d25{HTTP/1.1, (http/1.1)}{127.0.0.1:0}
2025-05-08 10:38:42,412 [Worker-6: Loading available Gradle versions] INFO  o.e.b.c.i.u.g.PublishedGradleVersions - Gradle version information cache is up-to-date. Trying to read.
2025-05-08 10:38:47,782 [Worker-1: Updating Maven Dependencies] INFO  o.e.m.c.i.l.LifecycleMappingFactory - Using org.eclipse.m2e.jdt.JarLifecycleMapping lifecycle mapping for MavenProject: in.smartprogramming:MavenFirstProject:0.0.1-SNAPSHOT @ E:\Git_Demo\Spring\MavenFirstProject\pom.xml.
2025-05-08 10:38:48,346 [Worker-1: Updating Maven Dependencies] INFO  o.e.m.c.i.l.LifecycleMappingFactory - Using org.eclipse.m2e.jdt.JarLifecycleMapping lifecycle mapping for MavenProject: in.smartprogramming:NamedParameterJdbcTemplateDemo:0.0.1-SNAPSHOT @ E:\Git_Demo\Spring\NamedParameterJdbcTemplateDemo\pom.xml.
2025-05-08 10:38:48,667 [Worker-1: Updating Maven Dependencies] INFO  o.e.m.c.i.l.LifecycleMappingFactory - Using org.eclipse.m2e.jdt.JarLifecycleMapping lifecycle mapping for MavenProject: in.smartprogramming:SpringjdbcCrudOperation:0.0.1-SNAPSHOT @ E:\Git_Demo\Spring\SpringjdbcCrudOperation\pom.xml.
2025-05-14 14:22:07,386 [Worker-6: Loading available Gradle versions] INFO  o.e.b.c.i.u.g.PublishedGradleVersions - Gradle version information cache is out-of-date. Trying to update.
2025-05-14 14:22:12,496 [Worker-10: Updating Maven Dependencies] INFO  o.e.m.c.i.l.LifecycleMappingFactory - Using org.eclipse.m2e.jdt.JarLifecycleMapping lifecycle mapping for MavenProject: in.smartprogramming:MavenFirstProject:0.0.1-SNAPSHOT @ E:\Git_Demo\Spring\MavenFirstProject\pom.xml.
2025-05-14 14:22:12,924 [Worker-10: Updating Maven Dependencies] INFO  o.e.m.c.i.l.LifecycleMappingFactory - Using org.eclipse.m2e.jdt.JarLifecycleMapping lifecycle mapping for MavenProject: in.smartprogramming:NamedParameterJdbcTemplateDemo:0.0.1-SNAPSHOT @ E:\Git_Demo\Spring\NamedParameterJdbcTemplateDemo\pom.xml.
2025-05-14 14:22:13,223 [Worker-10: Updating Maven Dependencies] INFO  o.e.m.c.i.l.LifecycleMappingFactory - Using org.eclipse.m2e.jdt.JarLifecycleMapping lifecycle mapping for MavenProject: in.smartprogramming:SpringjdbcCrudOperation:0.0.1-SNAPSHOT @ E:\Git_Demo\Spring\SpringjdbcCrudOperation\pom.xml.
2025-05-14 14:25:32,573 [Start Help Server] INFO  org.eclipse.jetty.server.Server - jetty-12.0.16; built: 2024-12-09T21:02:54.535Z; git: c3f88bafb4e393f23204dc14dc57b042e84debc7; jvm 21.0.6+7-LTS
2025-05-14 14:25:32,660 [Start Help Server] INFO  o.e.j.server.handler.ContextHandler - Started oeje8n.ContextHandler$CoreContextHandler@5a71fba0{/help,/help,b=null,a=AVAILABLE,h=oeje8n.ContextHandler$CoreContextHandler$CoreToNestedHandler@40770592{STARTED}}
2025-05-14 14:25:32,661 [Start Help Server] INFO  o.e.j.s.DefaultSessionIdManager - Session workerName=node0
2025-05-14 14:25:32,697 [Start Help Server] INFO  o.e.jetty.server.AbstractConnector - Started ServerConnector@4921e98f{HTTP/1.1, (http/1.1)}{127.0.0.1:50170}
2025-05-14 14:25:32,747 [Start Help Server] INFO  org.eclipse.jetty.server.Server - Started oejs.Server@36d15cf6{STARTING}[12.0.16,sto=0] @279758ms
2025-05-14 18:31:54,412 [Stop Help Server] INFO  org.eclipse.jetty.server.Server - Stopped oejs.Server@36d15cf6{STOPPING}[12.0.16,sto=0]
2025-05-14 18:31:54,492 [Stop Help Server] INFO  o.e.jetty.server.AbstractConnector - Stopped ServerConnector@4921e98f{HTTP/1.1, (http/1.1)}{127.0.0.1:0}
2025-05-15 10:59:43,361 [Worker-2: Loading available Gradle versions] INFO  o.e.b.c.i.u.g.PublishedGradleVersions - Gradle version information cache is up-to-date. Trying to read.
2025-05-15 10:59:49,731 [Worker-7: Updating Maven Dependencies] INFO  o.e.m.c.i.l.LifecycleMappingFactory - Using org.eclipse.m2e.jdt.JarLifecycleMapping lifecycle mapping for MavenProject: in.smartprogramming:MavenFirstProject:0.0.1-SNAPSHOT @ E:\Git_Demo\Spring\MavenFirstProject\pom.xml.
2025-05-15 10:59:50,577 [Worker-7: Updating Maven Dependencies] INFO  o.e.m.c.i.l.LifecycleMappingFactory - Using org.eclipse.m2e.jdt.JarLifecycleMapping lifecycle mapping for MavenProject: in.smartprogramming:NamedParameterJdbcTemplateDemo:0.0.1-SNAPSHOT @ E:\Git_Demo\Spring\NamedParameterJdbcTemplateDemo\pom.xml.
2025-05-15 10:59:50,838 [Worker-7: Updating Maven Dependencies] INFO  o.e.m.c.i.l.LifecycleMappingFactory - Using org.eclipse.m2e.jdt.JarLifecycleMapping lifecycle mapping for MavenProject: in.smartprogramming:SpringjdbcCrudOperation:0.0.1-SNAPSHOT @ E:\Git_Demo\Spring\SpringjdbcCrudOperation\pom.xml.
